titles,category
 위믹스  상장폐지 결정 위메이드  가처분 신청 준비 ,IT
 속보  위메이드  위믹스   국내  대 거래소서  상장폐지 ,IT
 속보  위메이드  위믹스 상장 폐지에 개별 거래소 상대 가처분 신청,IT
      위믹스   월 일부터 거래 종료 위믹스     원    원 폭락 종합 ,IT
국세청  카카오 계열사  특별 세무조사  착수  플랫폼 규제 신호,IT
 대 거래소 위믹스 상장폐지 결정 위메이드  가처분 신청 준비 ,IT
 중국에  몰빵 하더니 이런일까지   아이폰  날벼락  무슨일,IT
가상화폐 위믹스  상장폐지 결정     분 사이 가격 반토막,IT
 속보  국내  대 가상자산 거래소  위믹스 상장폐지,IT
 과 기 부  중이온가속기 시험 구동 성공,IT
서브노티카 개발사  언노운 월즈   크래프톤 주식    억 매수,IT
 이 정도였어   싸이 지겹게 나오더니  이 회사  놀라운 일이,IT
       고분자 반도체 균열 억제 성공   유연 소자 개발 게임체인저  기대 ,IT
  그룹 인사  미래 먹거리 챙길  에너지솔루션 화학 전장 에 방점,IT
글로벌에 꽂힌    구광모   배터리 화학에 미래 건다,IT
  에너지솔루션 김동명 사장 승진   자동차전지 부문서 승진자 다수 배출,IT
생기연  접근 어려운 특수화재 잡을  소화탄  개발 추진,IT
 아 이뉴스  방송법 출동한 과방위         비상 ,IT
크래프톤의 북미 스튜디오  크래프톤 주식    억원 매수,IT
오늘밤   일  월드컵 특수 놓칠라 쿠팡이츠  배달파업에 프로모션 맞대응,IT
  엔솔  김동명 부사장 사장 승진     명 임원 승진,IT
 만약 이랬더라면  카카오  내달 컨퍼런스서  먹통 사태  논의,IT
   코인  내년 초 나온다     이프랜드에 우선 적용,IT
중간요금제  역설  통신사 수익 더 늘었다,IT
        년 정기 임원인사 올해도  젊은 피  수혈,IT
  이노텍   성과주의  임원인사 전무  명 상무  명 등   명 승진,IT
  엔솔  협력사 손잡고        정면돌파    년 뒤 양극재     현지화 ,IT
박윤규 과기정통 차관     서 위성통신사업자 경쟁력 제한적  종합 ,IT
 우주는 만인의 공간  인류 첫 장애인 우주비행사 탄생 우주다방 ,IT
  엔솔 성일하이텍 영풍 밝힌 배터리 사업 노하우 들어보니 ,IT
 르포 간호사 한 명당 관리할 환자 지금도 많은데 줄여라     획일적 감축  우려 큰 병원노조,IT
 유명 연예인들 엄청 쓰더니  우르르 줄 서서 사는 이것 정체  알고보니,IT
  이노텍  전무  명 상무  명 등   명 임원승진,IT
    주파수 신규 사업자로 스타링크  박윤규  차관  경쟁력 제한적 ,IT
인재경쟁 벌였던 게임사  출혈일까 미래투자일까,IT
   가 게임까지  하이브  중견 게임사 플린트에 투자했다,IT
언노운 월즈     억원 규모 크래프톤 주식 매수,IT
 한국경제 대도약  이젠 양자컴 기술에 달렸다 ,IT
 지금은 우주  옴란 샤라프     위원장      한국  우주 협력 프로그램 많을 듯 ,IT
자율주행 전기버스 서울 달린다 청계광장 세운상가 무료 운행,IT
 청년    명  애플    받고 창업꿈 펼친다,IT
  생활건강 이정애         현신균     선임,IT
  그룹 인사 큰 이변 없었다 경제위기 속  미래설계  방점,IT
소유   호 공모 건물  대전 창업스페이스  공개,IT
언노운월즈      억원 규모  크래프톤 주식 매입  성장 가능성 주목 ,IT
  개발사  언노운 월즈      억 규모 크래프톤 주식 매수,IT
 내 정보 지켜질까 의문  디지털기기 점검해봤더니,IT
반도체 적층기술 어디까지 올라갈까,IT
 부동산정보 갑질  논란 법정 선 네이버  무임승차 방지 목적  반박 종합 ,IT
 갈림길 선      유연 과  위험  사이     제일제당  서울대 출신      인방 재무전략은,IT
경기침체에 강하던 게임산업  올해는 왜 뒷걸음질 칠까 ,IT
이인실 특허청장  중동에 특허 행정 전수    한류 이끌 것 ,IT
월드컵 첫 경기 노린 배달노조 파업  업계선  영향 미미할 듯 ,IT
크래프톤 북미 스튜디오     억원 규모 크래프톤 주식 매수,IT
글로벌 공략하는 엔씨  해외 매출   조  눈앞,IT
 세계  위 부자  워런버핏    전기차 주식 대거 처분   왜 ,IT
악재딛고 다시뛰는 카겜  신작 대공세 업데이트로 인기몰이,IT
   는 무너져도 웹 는 온다  정부   블록체인 선도국 도약  선포,IT
        현신균 대표가 이끈다  년만에     교체,IT
  화학  양극재에 힘준다     포석 소재 분야 강화,IT
 제약바이오  종근당고촌재단  해외 장학생   명에 등록금  ,IT
 위기 속에서도 평정심     전자   개 사업본부장 모두 유임,IT
  는 우루과이가    으로 이긴다는데 이번엔 한국이  이변 의 주인공 ,IT
    퇴근길   나 결혼 안 해  비혼 선언하면 돈 휴가 주는 이 회사,IT
공유 사무실 스타트업 패스트파이브  부동산 자산운용업 진출,IT
알뜰폰 도매제공 의무제도  연장 ,IT
 로봇 바리스타  빛좋은 개살구   비용  저가공습  어쩌나 ,IT
월급 주면 끝  직원들 심리 상태까지 챙기는 스타트업                  ,IT
토스뱅크의 화두는  카드업  신규 주주로 하나카드 합류,IT
  텔레콤   유플러스  소셜 메타버스 경쟁력 키워 세계 도전,IT
미식가 네안데르탈인은  팬케이크  만들어 먹었다,IT
연말 성수기 맞은 게임업계  겜심 공략 돌입,IT
모로코 이어 케냐까지   제  시장 에 꽂힌 피씨엘,IT
송민호        반려새  치피      나온다,IT
한화솔루션     차세대 태양광 프로젝트 참여,IT
정호영     사장 유임 전 직원들 만나  인위적 구조조정 없다  잘 이겨낼 것 ,IT
  전자  류재철    사업본부장 사장 외   명 승진,IT
  디스플레이  정호영 체제 유지   전무  명 상무   명 승진,IT
월드컵 뒤흔드는  반자동 오프사이드 시스템   선수 손끝 발끝 위치 데이터 초당   회 분석한다,IT
  헬로비전      년 정기 임원 인사,IT
카카오엔터 게임스타트업에도  오일머니  바람   사우디   콘텐츠에 꽂혔다,IT
 리틀 조성진  류재철   전자 사장  미래 가전사업 이끌 적임자 ,IT
  전자      년 조직개편 임원인사 단행    센터  신설    명 승진,IT
방송법 개정 놓고 과방위 충돌    악법 중 악법     정기국회 중 통과 ,IT
 아이폰     프로  어떻게 나올까  물리 버튼 사라진다  전망,IT
 케라틴 발모 효능 밝혀내 탈모치료제 가능성 기대 ,IT
대만  반도체 안보 강화 엔비디아  홍콩 물류센터 대만 이전,IT
  디스플레이      년 정기 임원인사 총   명 승진,IT
 전략재무통  정호영     사장 유임 위기관리 능력 빛볼까 ,IT
워싱턴 비행통제구역   드론    여회 탐지      당국 긴장,IT
갈매기 조나단처럼      을 꿈꿉니다,IT
  머스크  통신망 협력 약속  스타링크   진출 속도 빨라진다,IT
 이태원 참사  구글    시간 쉬지 않고 콘텐츠 모니터링 ,IT
우본  우표에 최동원  선동열 등 야구 레전드 담는다,IT
한은  대외 불확실성  내년 하반기 이후 완화될 것 ,IT
 최동원 선동열 이종범  야구 레전드 우표 나온다,IT
우루과이전    는    패배  예측   우리 네티즌들은 ,IT
 관망경 앱마켓 사실조사,IT
구글 스타트업 투자의 대모  세계 절반이 여성  이 산업 뜬다   긱스 ,IT
  전자    소비자매체 평가서 냉장고 세탁기 건조기  위  싹쓸이 ,IT
왜 카카오는 스스로  치부 를 공개할까  남궁훈 소회 들어보니,IT
낸드 업계   분기 매출  급락    키옥시아    하이닉스  역전 ,IT
남궁훈  카카오 대표  그날 잊을 수 없어 마음 다시 새길 것 ,IT
 카카오 사태  대책발표 앞둔 남궁훈  부끄럽지만  공동성장 기회삼겠다 ,IT
승진한 이명우 부회장  동원그룹  스마트 연어 키우기  주력,IT
   년 연속    시장  위  삼성전자  불확실한    시장 극복 전략은        ,IT
생기원  접근 어려운 특수화재 조기에 잡는  소화탄  개발 나서,IT
 미운털 박힌  가상화폐   뉴욕주  채굴 제한,IT
    년 반도체 설비투자  급감  메모리 약세   제재  원인 ,IT
   뉴스픽   삼성    용      소비전력 측정법  세계 표준 채택,IT
 현대차 포티투닷 이상한       정의선의 송창현 무한 신뢰      억 사장 고가전세집,IT
코로나 확찐자 많았다   대  비만        ,IT
삼성     차세대 원통형 배터리  천안 파일럿라인 장비 발주,IT
카카오 남궁훈  치부 공개 부담되지만 공동성장 다시 새길 기회 ,IT
차세대 갤럭시폰  이리듐  위성통신  탑재,IT
온난화 주범  메탄 의 변신 화장품 의약품 등으로 활용,IT
축구도 때로는     의 영역밖이다  디지털   라이프 ,IT
 먹톡 대응  남궁훈  치부 공개 부담되지만 업계 공동성장에 방점 ,IT
경제 단체  노조법 개정 중단하고 법인세 완화해달라 ,IT
서빙로봇 시장  쑥쑥    주도권 다툼 치열,IT
티맵 국민은행  대리기사 전용 대출상품 출시,IT
 체험기  성장형   서비스      에이닷과 함께한 하루,IT
   스마트폰과 뭐가 달라  외산 부품 늘어나는  삼성 갤럭시 ,IT
  온   시그넷  충전기로   배터리 수명 잔존가치 진단,IT
        블리자드 인수     반독점 소송 검토,IT
장현국 위메이드 대표  게임과 블록체인이 만날때 메타버스 형성 ,IT
정부        신규사업자 진입계획 내달 내놓는다,IT
정부           제 이통     발족 스타링크 들어올까,IT
 숏폼  새 콘텐츠 개발해야 지속 가능  메타버스 접목 가능성도,IT
남궁훈  먹통사태  방지책 발표 앞두고  부끄럽지만 업계 도움 될 것 ,IT
카카오 먹통 방지책 맡은 남궁훈  치부 공개 부끄럽지만 성장 기회될 것 ,IT
재발 방지 대책 발표 앞둔 남궁훈  치부 공개 부담도  업계 공동 성장 방점 ,IT
토스뱅크     억원 유상증자 결의 자본금  조    억 원 확보,IT
 경쟁에서 이기려면    도 클라우드로 가야 한다 ,IT
블프       명품 플랫폼 할인전 돌입,IT
     게임 결제 커머스 등 원천은 기술  클라우드    통한다    돋보기 ,IT
유럽 우주국  예산     증액  미래 산업 투자  뜨거운  우주 경쟁 ,IT
삼성  폴더블 노트북도 선보일까,IT
 방송법 개정안  과방위     충돌  언론계 숙원      악법중 악법 ,IT
     일 전국에 비 내린후   일부터 강추위,IT
 불 끄는 얼음  카카오     화재 현장에 던졌더라면,IT
 흥행가도  오버워치   내달 시즌 로 연타석 홈런 도전    신규영웅  라마트라  추가,IT
이창용 한은 총재  금리인하 논의  시기상조 ,IT
  서비스  사   분기 매출 확대   영업익 개선 고심,IT
 티빙  클라우드로 전환해 속도 높이겠다 ,IT
플랫폼업계  카타르 월드컵으로 차세대 커뮤니티 띄운다,IT
 카카오가 이랬더라면  남궁훈  먹통 사태 치부 드러내는 게 업계에 도움 ,IT
미생물이 화학원료 만든다,IT
 분기 낸드 시장       감소   키옥시아만 선방,IT
토스뱅크  천억원 유상증자 결의 하나카드 합류,IT
메탄 분해  바이오화학 소재 만든다,IT
한국은행 내년 경제성장률      물가상승률      전망,IT
 지금은 과학  특수화재  불끄는 얼음 으로 잡는다,IT
 자연에서 가장 무거운 새  느시 도 구충식물 찾아먹는다 ,IT
코로나 사태  년    대  소득 많을수록 살 더 쪘다     대 도 비만 늘어,IT
우리집 영상  중국인들이 볼 수 있다  싸서 달았던      보안  숭숭 ,IT
조성철 티빙       레거시를 갈아치우자 ,IT
지상파방송사  재차 콘텐츠 세액공제 문제점 지적,IT
남궁훈  카카오 규모의 기업이 치부 공개  세계적으로도 드문 일 ,IT
 먹통 재발 방지책  발표 앞둔 카카오 남궁훈  치부공개 부담 성장기회 ,IT
 분기 글로벌 낸드 매출     급감   하이닉스  위로 밀려,IT
알뜰폰 도매제공 의무 일몰제  결국 연장,IT
두나무 메타버스 세컨블록       전략으로 생태계 확장 속도,IT
     강 가능성     로 대결한 우루과이전 승률 보니,IT
 블록체인으로 온라인투표   부정 막는다 ,IT
 불타는 얼음  가스하이드레이트로  특수화재  잡는다,IT
       할당 취소  원칙론      부담고려 ,IT
온라인 주민투표  정부지원금 검증에 블록체인 기술 쓰인다,IT
 특수 얼음에 소화가스 주입해 투척  신개념 진화기술 개발,IT
한은 기준금리        인상  내년 경제성장율 전망           대폭 축소,IT
  아이폰 공장  코로나 노사 충돌  악화  아이폰    공급 차질  장기화 ,IT
한화큐셀     차세대 태양광 셀 연구개발 프로젝트 참여,IT
투표에도 적용한다는 블록체인이란 ,IT
 이슈진단     개월 동안 금리 연     올렸다 가계빚 부담은   조원 ,IT
   과학칼럼  디지털  국가 안보의 핵심,IT
당근마켓   년만에 대표 교체 카카오 출신 황도연에 지휘봉 넘겨,IT
       대그룹 최초  비혼지원금  지급  구성원 가치관 존중 ,IT
 우주를 보다  인류가 달 너머로 지고 있다 오리온 우주선  지구넘이  포착,IT
먹통사태 공유 앞둔 카카오 남궁훈  부끄럽지만 업계에 도움 될 것 ,IT
  유플러스  비혼 선언  직원에도 기본급       축하금  유급휴가  일 제공,IT
삼성이 점찍은 미래 성장동력   랩   투자유치  조    억 넘어,IT
   억 유치   아기 유니콘     삼성이 키운 스타트업 오늘 졸업,IT
아파트 계단도 오른다  찌그러진 바퀴 가 바꾸는 로봇 배달  긱스 ,IT
삼성이 육성한 스타트업   랩  생태계  투자유치       일자리     개,IT
세계 첫 장애인 우주비행사 후보 탄생,IT
 초 정품 인증 인공촉각   대 나노기술 발표,IT
삼성전자  스타트업 지원 확대  직접 투자     할 것 ,IT
 단독   물량 숨통 트이나  아이폰   내달 초 생산 정상화,IT
전설의  포니 쿠페    년 만의 귀환    현대차  콘셉트 복원,IT
아마존  유통 이어 문화  정조준  매년  조    억원  극장 영화  투자,IT
바람 잘 날 없는  머스크의 트위터  광고주 이탈 지속 테슬라 경영 소홀 논란  확산 ,IT
 아이폰   프로  물리적 버튼 없어질 가능성 높다 ,IT
택시엔 보험료  대리엔 소액대출 상생 나선 모빌리티업계,IT
코 앞에 온 블프   승부수  띄운 이커머스 흥행할까,IT
    정책점검   지상파             와는 무엇이 달랐을까,IT
카카오모빌리티    억 들여 택시기사 의료생계 지원,IT
  갤럭시 북  프로     가장 얇고 가벼운 노트북 중 하나  외신 호평,IT
테슬라  또 리콜 테슬라 벤츠 폭스바겐    개 차종  만    대 리콜,IT
 나노시장서 갈지자 행보       웨이퍼 단가도 인상 삼성에 호재 ,IT
       비혼  선언하면 지원금 휴가 지급한다,IT
코로나보다 무서운 말라리아     예방 효과 보인 면역 항체 등장,IT
  의회  티켓마스터 청문회 열어    팝스타  테일러 스위프트 티켓 일방 취소,IT
 르포  깨알 같은 반도체 칩 소자까지 본다 자이스 동탄연구소 가보니,IT
유럽우주국  세계 최초로 장애인 우주 비행사 선발,IT
 기후위기와 산림  목재의 재발견   탄소 배출 줄이는 친환경 자재,IT
미세먼지  뇌 망가트린다   국내 연구진  무증상 뇌경색  확인,IT
넷마블  장르 플랫폼 다변화로 실적 개선 이끈다,IT
  바사  스카이코비원  생산 중단 아냐     긴급사용등록 연내 기대 ,IT
아르테미스 탐사  일차   달 중력권  이탈   분  통신두절  위기도,IT
감원 압박 구글  직원들 정리해고 불안 확산,IT
지자체 온라인 주민투표  내년부터 블록체인 도입,IT
여야   공영방송 지배구조  입법 놓고 한판 붙는다,IT
설문조사에 빠진 일론 머스크    영구 금지 된 트위터 계정 복구 찬반투표,IT
쏘카      년 설립 후 첫 흑자 기대  카셰어링 성장 가능성 증명,IT
 달 자원 선점  민간 경쟁 점화 한발 앞선 일본  뒤쫓는 미국,IT
글로벌 빅파마들이  인적 분할 을 선호하는 까닭,IT
우체국 얼굴 확 바뀐다  정선 사과 양양 서핑 우체국 놀러 오세요 ,IT
 정부  대한민국 디지털 전략  본격 드라이브 전략반 가동,IT
          정식 버전 출시   스토어 버전 기준,IT
소유   호 공모 건물  대전 창업스페이스  공개,IT
   매출     과징금 조항 수정대안 마련   개인정보법 개정안 급물살,IT
러   생태계 재건 추진 옛 소련 브랜드  모스크비치  부활,IT
머스크의 트위터  애플 구글과 충돌하나,IT
연준  금리인상 속도조절 시사 비트코인 소폭 상승,IT
미 민간 연구팀      위성 이용해 북한      탐지했다,IT
요즘 해커는 비트코인 갈취 안 한다,IT
티맵    국민은행과 대리기사 소액대출상품 출시,IT
실적부진      직원 일부 계열사로 전환배치,IT
 울타리에서 내려올 시간  삼성  아이폰     공장 폐쇄 저격 광고,IT
  폭스콘 근로자  근무 환경에 불만  폭력 행사 ,IT
일본 베트남에서     현금인출 수수료 없이 찾으려면 ,IT
 한올바이오파마         항체 개발 성공 가능성 높을 것 ,IT
 취재수첩  작은정부와 망무임승차방지법,IT
한화큐셀     차세대 태양광 셀 양산화 프로젝트 참여,IT
패스트파이브  부동산 자산운용업 진출    페어필드  설립,IT
오버행 이슈 끝 보인다 큐리언트  내년  월 병용임상 첫 환자 투약 ,IT
세계 최초로 장애인 우주비행사 탄생,IT
 수익성 잡아라    이커머스 홈쇼핑  자체 브랜드 주력,IT
복귀한 밥 아이거  다음주 디즈니 직원들과 타운홀 미팅,IT
트위터로 돈 벌려는 머스크  애플 구글 수수료에 발목잡히나,IT
 금리 공포  완화   바닥론  테슬라      급등    증시      ,IT
영화에 꽂힌 아마존  매년   억달러 이상 투자해 극장용 영화 만든다,IT
  연준    월      의사록 공개    금리인상 속도 조절 ,IT
감기약 공급 불안정 정부   약 가격 인상  파격책 도입,IT
 미세먼지가 증상 없이 뇌 망가뜨린다    로 첫 확인 ,IT
    주파수 공백   스타링크 가 들어올 수 있을까 ,IT
인류 최초 장애인 우주비행사 탄생  다리 절단 땐 생각 못했던 일 ,IT
    고정   일 원금 이자 지급일        우려는 현실로,IT
 미안 애플  삼성이 더 좋아   매체  갤럭시 북  프로      호평,IT
폭스콘 아이폰 공장서 폭력 시위 약속된 급여 연기로 촉발,IT
 미장브리핑  미 연준   월 의사록 금리 인상 속도 조절에 증시 상승 마감,IT
   주년 타이젠  삼성전자가 힘 싣는 이유,IT
윤 대통령실에서도  과학기술  오리무중,IT
 대원제약  성장세 이어갈 것 시장 대비 주가 강세 전망 ,IT
            명복을 빈다  머스크에 질려 트위터 떠나는 이용자들,IT
고팍스  투자의향서 체결  주 안에 고파이 정상화 목표 ,IT
남성 소변기 주변에 남는 흔적  물리학으로 막는다,IT
월드컵 대한민국 첫 경기  어떻게 시청할까 ,IT
다 같은 병용임상 아니다  빅파마  러브콜  받는 곳은,IT
 김포 강남까지   분    기업 제작  하늘 택시   서울 날았다,IT
    파산에 자금줄 막힌 고팍스  고파이 투자자들  노심초사 ,IT
  콘텐츠에 꽂힌 사우디    게임업계  들썩 ,IT
 한국  파리협정 지키려면     년까지 석탄 화력 발전 퇴출해야    민간보고서,IT
미중 반도체 갈등에   하이닉스  우시공장 기술 퇴보 우려,IT
대한전자공학대상 수상자 전영현 삼성    부회장,IT
우주 태양광 에너지 지구 전송 연구 착수,IT
  넷플릭스 이용자 절반이 계정 공유  금지하면 해지 ,IT
  가 예언했다 한국 우루과이전      패배,IT
 클라우드 보안인증 완화  해외사업자만 이득 ,IT
 위믹스 운명의   데이 디파이 담보도   유통량 기준  재정비 계기돼야,IT
 위믹스 운명의   데이   일간 소명끝에 살아난 무비블록 이번에는 ,IT
 단독 메타콩즈  이두희 멋사 대표  업무방해 사기죄  혐의로 추가 고소,IT
확률형 아이템 공개  년  우리 게임업계가 달라졌어요 ,IT
어떤 암을 많이 궁금해 할까 유방암 폐암 대장암 순 검색 많아,IT
 로블록스   세대  명 중  명  디지털 패션 아이템 샀다 ,IT
강원 영월 사과모형 우체국  이런 재건축들에     억,IT
아르헨티나  공 때문에 사우디에 졌다,IT
광고 줄자 유튜브도 틱톡도  쇼핑해야 산다 ,IT
나흘간   만명   시간 기다려야 게임체험  그래도 줄섰다,IT
오프사이드 논쟁 이젠 끝           새 시스템 도입,IT
트위터 메타  대량 해고 에  잘리면 오세요  틱톡 속내는,IT
고팍스   고파이  투자금 상환 잠정 중단   주 내 정상화 ,IT
    비혼 선언하면 기본금      준다  변심해 결혼  어떡해 ,IT
고팍스  고파이 출금 지연  주 안에 정상화 하겠다 ,IT
고팍스  블록체인 업체와 투자의향서 체결  고파이 정상화 목표 ,IT
 비혼  직원에 기본급      휴가  일 지원   유플러스의 파격,IT
  파란 청년  너무 이상한데   권지용도 빠졌다  뭐길래,IT
  폭스콘 공장  이번엔 무슨 일이    노동자들  대규모 시위,IT
   라이프생명  사령탑에 이환주   생명 대표 선정 배경은 ,IT
 입을 수 있는      로 신생아 황달 치료한다,IT
암 환자 키워드로     분석했더니 두려움 불안 우울감 신체 고통만큼 컸다,IT
감기약 건보 상한금액 인상 처방약 부담 최대    원 증가,IT
 이걸로 삼성 잡는다   중국 어마어마  왕눈이폰  이 정도일 줄은,IT
  유플  비혼 선언한 직원에게도 결혼축하금과 동일 혜택       기본급 ,IT
      개편  업계 상황 고려 필요 기한 정하기보다 숙의해야 ,IT
정호영   디스플레이 사장 유임  사업 재편 속도낸다,IT
쿠팡이츠 라이더  우루과이전 파업 예고  배달 대란 우려 ,IT
 이대로면     업체가 시장 잠식   클라우드 키워야 ,IT
손흥민이 차는 월드컵 공인구에 인공위성 기술이 ,IT
 결혼 안해도 축하금  일 꿀휴가 준다   비혼  위한     의 파격,IT
네옴시티 도전 네이버  출사표는  메가시티 스케일 디지털 트윈 ,IT
현대약품   년만 쟁의    불길 번질라  지켜보는 제약업계,IT
 무료 게임도 돈 되네  게임사  애드테크  열풍,IT
 아 이뉴스  알뜰폰 도매대가 임박 루트슈터 게임장르 뜬다,IT
 하찮은 줄 알았던 무청  장 건강에 특효 ,IT
               취소 배경 논란 정부  기준 따른 것 ,IT
  디스플레이  안정 이 먼저 정호영 대표 유임,IT
과기정통부    포기한             집중투자 ,IT
 재벌집 막내아들도 당했다   뻔뻔한 중국 또  공짜  이것까지,IT
    점유율     붕괴 초읽기  통신 삼국지 에 균열 낸 정체,IT
급성장      에 올라타라  경기침체에도 서버 시장  활황 ,IT
 단독 카카오  프로도  상표 등록  반지의제왕  프로도 에 막혔다,IT
  시장 노리는 외산폰 점유율    벽 깼다,IT
      차전지 반도체 친환경 소재  초격차  노린다,IT
     억원짜리 사옥 짓길 잘했네  왕세자도 꽂힌 네이버  이것 ,IT
세제지원  동상이몽     업계  투자비도 세액공제  한목소리     온에어 ,IT
배민 야놀자 컬리 알스퀘어  젊고 빠른 동남아로 간다 ,IT
농심  서남아 오만에 첫 스마트팜 수출,IT
코스피    기업      이메일 사기에 취약,IT
정부  일동제약 먹는 코로나   치료제  조코바  도입 본격 검토,IT
  화학 차동석     사장 승진   첨단소재 생명과학 승진자  눈길 ,IT
구글 웨이모  무인 로보택시 운행 지엠 크루즈 이어 두번째,IT
알뜰폰 도매대가 인하       정부  대책 발표  촉각     돋보기 ,IT
 비만 단백질  구조 세계 최초로 밝힌 여성 과학자,IT
누리호 성공 숨은 공신  민간 우주 진출 시대 열린다 ,IT
 양양 우체국에 웬 서핑보드   옛날  빨간벽돌 건물  확 바뀐다,IT
  바이오사이언스 주가 급락    국산 호  코로나 백신 판매 부진  잠정 생산중단,IT
글로벌 니켈 재고량  반토막 ,IT
  긴급사용승인  조코바  국내도 기대감  솔솔 ,IT
    퇴근길     조원 네옴시티에 네이버 자리 있을까 ,IT
애플페이    상륙 초읽기  엇갈린 시선  삼성 위협    찻잔 속 태풍,IT
프로그램  선계약 후공급  빨라질까 과기정통부  논의 속도 ,IT
카카오 먹통 사태에  라인  이용자       늘었다,IT
     화학 부문 인적분할   홀딩스 지주사 체제로,IT
 나홀로 하나부터 열까지 바이오 대전환  택도없다 ,IT
 핫치킨 너무 매워서 별  개  속 터지는  상습  별점 테러 못 잡나요 ,IT
옥스퍼드대    예측 월드컵   강엔 한국 없다,IT
 운동맘  겨냥 히로인스  시드투자 유치 마리트  항공권 최대     할인                  ,IT
 단독    유플러스  비혼 선언하면 결혼 직원과 똑같이 축하금 휴가 준다 ,IT
네이버  스마트시티 핵심 기술  아크아이  출시   네옴시티  수주 자신감,IT
배달의민족  우아한형제들  정부가 인정한  워라밸 기업 ,IT
     원숭이두창   두창  개명 나선다    낙인효과 우려 ,IT
젊어진  대그룹 임원들   올해도     이 대세,IT
 자막뉴스  신생아가  이 옷  입자 놀라운 효과      새 혁명 열었다,IT
변신한 통신사 속속 해외 진출     우물  밖으로 뛴다,IT
네이버   네옴시티 가 주목한 디지털 트윈  아크아이  공개,IT
삼성  대한적십자사에 신규  헌혈버스   대 전달,IT
  월드컵 첫 경기날 쿠팡이츠 배달 라이더 파업,IT
실망스러운 임상 결과 때문  네오이뮨텍  주가 하락 이유,IT
비운의 국산  호 코로나 백신  결국 생산 중단,IT
헬스케어 가전  위 탈환해야하는데   갈 길 먼 바디프랜드   도 실적 하락세,IT
원전 블루오션    국가산단 동경주에 경주시 유치 총력,IT
 현대차 포티투닷 이상한      인수금액 지분율 중구난방  내부혼돈 반영 ,IT
글로벌로 뛰고  캠퍼스 만들고  이통사  메타버스  사업 본격화,IT
 명복을 빈다  트위터 떠나는 이용자  디지털 망명자 몰리는 대안    ,IT
 과학기술이 미래다     과학기술 메카  대덕연구학원도시  태동,IT
공공   사업 수요예보에    년 후 본사업 계획 담는다,IT
팀네이버  자체 디지털트윈 솔루션 앞세워  네옴시티  수주전 본격화,IT
해외 매체  인터뷰 문서  조심   클릭 하면 털린다 ,IT
    파산 변호사     는 개인 영지처럼 운영됐다 ,IT
  그룹 임원인사 단행    변화  보다  안정 에 방점,IT
세계 최고갑부 빈살만도 이럴땐 평범남    사우디  아르헨 격파하자    에  폭풍 업로드 ,IT
 과학을읽다 인공지능은 브라질  수학 모델은 벨기에 ,IT
네덜란드    반도체 수출규제 동참       자율의 문제    와 거리두기,IT
   빅테크 겨냥해 불공정행위 과태료 매출의   까지 부과 추진,IT
 소부장 칼럼 사람을 향하는 로봇,IT
정호영     사장 유임 차동석   화학 사장 승진,IT
율촌화학     억 들여  포승 알루미늄 파우치 공장  증설,IT
이병건 회장  제약 바이오  활발한    로 성장해야 ,IT
건보 지역가입자   명 중  명  이번 달 평균  만원 오른 청구서 받는다,IT
네옴시티 향한 네이버의 구애  대도시도 디지털 트윈 구축 가능 ,IT
 모범적 메타버스 조성   윤리원칙 최종안  내주 발표 종합 ,IT
       나노 웨이퍼 가격     인상 삼성전자  반사이익 얻을까 ,IT
과기정통부   메타버스 윤리원칙  이달 발표,IT
미래 먹거리 찾는 사우디    게임 이어 카카오엔터 투자하나,IT
해킹당한 노트북이 나를 도청   도청 감지장치 개발,IT
네이버  디지털 트윈  자신감  네옴시티에도 경쟁력 있다 ,IT
카카오택시  콜 몰아주기  제재 움직임에  모빌리티업계  불똥 튈라  긴장,IT
                내년 초 등장할 삼성 갤럭시     시리즈의 운명은 ,IT
프루프포인트  국내서 이메일 보안 넘버원 될 것 ,IT
한 중교류 확대 기대   게임 중국 진출 가속도,IT
우체국의 이유 있는 변신  사과 서핑우체국으로 내년 천억 투입,IT
 중국 지우기  알리바바 클라우드   시장 공략    위한 기업 아냐 ,IT
범죄자 계좌에 송금 사례도   대기업들  이메일 사기에 속수무책,IT
   일론 머스크와 화상면담  테슬라 전기차 공장  한국에 투자 ,IT
제임스 웹 망원경이 발견한  이산화황   주목되는 이유는 ,IT
글로벌 이커머스 대세된         국내서 네이버가 새 대안될까,IT
손승현 우정사업본부장  노후 우체국      억 들여 지역명소 탈바꿈 ,IT
 자신 있어요   외친 바리스타 로봇   초 만에 라테 위 낙엽을 그렸다  영상 ,IT
사우디  네옴시티  꿈꾸는 네이버       같은  대규모 구현  강점 ,IT
 원인불명 소아 급성간염   건 추가   한 명 간이식 후 회복 중 ,IT
  브로드밴드     인수 나섰다,IT
사과우체국 서핑보드우체국 들어보셨나요,IT
도쿄전력 등  전력  사  정부에  전기요금  상한인상 신청 전망,IT
 고맙다 갤탭    삼성   레노버 제치고 인도 태블릿  위,IT
리볼빙에  분칠 한 신한카드 불완전판매 근절 가능할지  의구심 ,IT
자이스  한국에     시설 짓는다     억 투자 계획 ,IT
카카오  개발자 컨퍼런스서  먹통  원인 재발방지책 공개,IT
 뉴스속 기업  국내 콘텐츠 업계에 손 뻗는 빈 살만 사우디국부펀드,IT
네이버   디지털 트윈  도전장  사우디 네옴시티 수주 야심 ,IT
영월엔 사과우체국 양양엔 서핑우체국 낡은 지방우체국  명소로  탈바꿈 ,IT
영월은  사과  경주에는  한옥  지역 특색 담은 우체국 짓는다,IT
삼성     억 기부  헌혈버스   대 전달     년간 헌혈 캠페인 지속,IT
동네 우체국에  사과 서핑보드  입힌다 전국 우체국    곳 대변신,IT
취임  년 손승현 본부장  노후 우체국  지역 명소로 바꾼다 ,IT
 빨간 벽돌 탈피    우본  사과 서핑보드 우체국  만든다,IT
        와    로 핵심 사업 경쟁력 강화,IT
인베슘  하모니카        태백  출시,IT
이용훈       총장   년 내 세계    대 연구중심대학 도약 ,IT
 데이터뉴스  분기 모바일용      삼성   위,IT
  대통령   일론 머스크  화상면담   에 투자 요청,IT
사우디  팀네이버 기술력에 관심  네옴시티  수주전 뛰어든다,IT
침으로  여기  자극하면 불면의 밤 끝,IT
카카오  먹톡  재발방지책 내달  일 내놓는다,IT
네옴시티도 러브콜한 네이버  디지털 트윈 ,IT
 코스피     기업     이메일 사기에 노출 ,IT
빈살만 사우디국부펀드  카카오엔터 투자 추진,IT
 알리바바 클라우드는 중국 아닌 세계를 겨냥한다 ,IT
사우디 아르헨티나  승부처는 인공지능이었다,IT
  년간의 중국  한한령  해제될지도  기대감    콘텐츠주  급등,IT
삼성  저격  삼성생명법    년 만의 부활 ,IT
 단독  높은 게임 분쟁 비중  전체 콘텐츠 중       차지,IT
노트북 휴대폰 마이크 도청 감지하는 기술 나왔다,IT
사우디 국부펀드  카카오엔터테인먼트에     억 투자하나,IT
 지갑도 얇아졌는데 떡볶이 배달료만  천원  누가 먹어요  ,IT
 게임브릿지  메타버스 게이미피케이션,IT
침체 빠진    시장   삼성은   인치 초대형   는 올레드 내세우며  안간힘 ,IT
글로벌 출사표 던진     이프랜드   제페토  잡을 수 있을까,IT
 가능성 무한한 블랙박스    유플러스가 이색 공연장 지원하는 이유  선한결의   포커스 ,IT
과기정통부    대 지향가치  대 실천원칙  메타버스 윤리원칙 내놓는다,IT
 카카오 먹통  재발방지대책 다음달  일 공개,IT
  증시 상승에 코인 반등했지만  투심 공포 여전 ,IT
샤오미 등 외산폰  국내 스마트폰 시장 점유율    벽 넘었다,IT
허리띠 졸라매는 서민   배달음식마저 끊고 있다,IT
 오늘 파도 좋은데   서핑 즐길까  스마트하게 양양 가는 날 온다,IT
 메타버스 윤리원칙  다음주 공개된다   규제개선 병행,IT
 유리천장 격파  삼성전자 여성 임원   명으로  최다 ,IT
 해고 멈추고 다시 채용하겠다    말바꾼 머스크  트위터 직원들 회유 성공할까,IT
네이버 뉴스 개편  저널리즘 생태계 에 기여할 수 있을까,IT
카카오  내달 개발자 콘퍼런스서  먹통 재발방지책  발표,IT
카카오  연례 개발자 컨퍼런스서  먹통 사태  원인 대응책 공유,IT
 컴퓨터 안 팔려     도  년간 최대     명 해고 계획,IT
      이용훈 총장   년 내 세계    대 연구중심대학으로 도약 ,IT
  는  메시의 눈물  예측했다  한국 월드컵   강 진출 확률은      ,IT
 우주를 보다  소용돌이 치듯 티베트 하늘 뒤덮은 아름다운 대기광,IT
 머스크에 질린 사람 오세요   인재 줍줍  나선 빅테크,IT
시발택시 포니  등  점  올해  중요과학기술자료  등록,IT
 현장  팀 맥소노미  데이터 저장 중독 버려라  실시간이 관건 ,IT
머스크가 트위터 인수한 후  대형 광고주  분의   떠났다,IT
            이은 제 이동통신사 나올까 ,IT
  엔솔  목표가     대폭 상향에도 주가 약세   블록딜  우려 ,IT
   콘솔 대작  글로벌 정조준   게임팬에 통할까,IT
막 오른 겨울 게임 시장 신작 출시 본격화,IT
한국  우루과이 꺾을까     는  승리 확률        ,IT
반도체장비 중국제재  요구에 네덜란드  자체 결정할 것 ,IT
미래 먹거리로 낙점된 루트슈터 게임사들 앞다퉈 진입    돋보기 ,IT
       계열  포시가  심부전 효과 재입증   동아   제네릭 출시는 언제 ,IT
팜젠사이언스  충북 오송에 제 공장 건설한다,IT
웹 망원경     광년밖  뜨거운 토성  대기서 광화학반응 첫 포착,IT
 카티스템 성공신화를     로   도약기 맞은 메디포스트 전략,IT
 성탄 선물로 주려고 했는데    재고없어 난리난 이 상품 뭐길래,IT
클라우드 열풍에도  서버 제조사  델이 잘나가는 이유,IT
우리금융지주 차기 회장 선임  하나금융과 닮았다,IT
 인터뷰  바스트 데이터   한국 시장 글로벌 전략 주요 거점 ,IT
      두뇌톡톡  기반 인지훈련  치매 예방에 효과 ,IT
     이프랜드     개국 동시 출시 메타버스 선점 본격화,IT
 보이지 않는다 는 이유로  사회에서 소외시킨 돌봄,IT
국내  위 창업 대학 서울대  글로벌에선 겨우   위   긱스 ,IT
   블프  코앞인데 아이폰   품귀 지속,IT
            년 경제 성장률      전망         ,IT
 컴퓨터가 안 팔린다    도 최대     명 구조조정,IT
 애플카를 아이폰으로 구동한다고  글쎄    ,IT
델테크놀로지스         특화 서버 신제품 출시,IT
싸이에 버림받은 코인  싸이클럽  결국 국내 상폐,IT
 알고보니 별점 테러리스트  배민  평균별점 공개한다,IT
 외교 안보 설문지인줄 알았는데   알고 보니 내 정보 털어가는 악성파일,IT
     두뇌톡톡  인지훈련  치매 이환율      ,IT
 과학을읽다 주한미군에 우주군 전진 배치  중국 견제 ,IT
    정책점검   초유의 주파수 할당 취소  정부 책임은 없었나,IT
     창업자에 속았다   애플 구글 투자했던  벤처 감별사 의 굴욕,IT
인텔   세대 제온부터 가속 기능에 구독료 받는다,IT
팜젠사이언스  충북 오송에 제 공장 건설     년 완공 목표,IT
 치매이환율       로 낮춘다  치매 예방 나선      두뇌톡톡 ,IT
제임스 웹  외계행성 대기에서 화학반응 사상 최초 포착,IT
   클로즈업     다각화 중심축  게임   종합 엔터 산업으로,IT
 도전의 시기    도 글로벌서 최대     명 줄인다,IT
     창업자 임직원 위해 고급 주택   채 구매,IT
메타  저커버그 내년 사임설은 사실무근 ,IT
  도 최대  천명 감원     안 팔린다 ,IT
 이글루  파이오링크 인수 시너지    정책수혜 기대감도 ,IT
저커버그  자신의 왕국 메타 떠나나  회사측은  사실 아냐 ,IT
우리은행 연     금리 적금 사전 접수 시작,IT
아이폰   공급부족 전망  연말 소비시즌 열기에 찬물    증시      ,IT
 미장브리핑   월 이후        첫     선 돌파 마감,IT
   애플 구글 브라우저 독점 심층조사 착수,IT
제 의  나혼렙 을 찾아라 콘텐츠업계의 성공 키워드       ,IT
  하이텍       인치 직행     년 전후 투자 개시,IT
게임업계 흔드는     의 주역 크래프톤   배그 신화 로 글로벌 진출  신흥 강자 크래프톤  ,IT
정재균 큐리진 사장      유전자 치료제로 항암 신약 개발 도전 ,IT
이통사도 못 키운     주파수 정부가 기대한  신규 사업자  있긴할까,IT
대륙의   도 못 잡았다 삼성폰    시장  어쩌나 ,IT
 한국판 디즈니  나올까 게임 엔터 빅뱅 시작됐다,IT
사라진  수능 대란  이통사  구형폰 지원금만 만지작,IT
네이버  사우디  네옴시티  수주전 시동  로봇 빌딩 핵심 기술 상용화,IT
 단독   최고 속도 최저 전력  삼성전자    년 공들인 차세대   램  공개,IT
현지 출시 대신 로열티 수입   게임시장 우회전략 통할까,IT
 성덕의 탄생  던파 게임 한우물 파던 신입사원    년만에 대표 됐다,IT
 물 들어올 때 노 젓자  여의도 뒤덮은      ,IT
두나무가 미는  디지털자산  금융위는  수용 불가 가상자산이 맞다 ,IT
삼성전자    신입 초봉 인상에 저연차 직원 불만 팽배  연봉   만원 차에  현타  온다 ,IT
 애플페이에 떨고 있니  운전면허증 자동차 열쇠 삼키는  삼성페이 ,IT
 스타트업 리포트  연애 숙맥이 만든  위 만남 앱  글램 개발한 안재원 큐피스트 대표,IT
세계    위면 뭐하나  창고에 쌓이는 삼성      ,IT
신생아 황달  옷으로 입는 청색     로 치료한다,IT
라이더들  쿠팡이츠 보이콧  월드컵 황금시간대 맞췄다,IT
 넥스트      찾아라  중국 추격에 차세대 디스플레이 개발  속도 ,IT
           기반 서비스 시장 리드할 수 있어 ,IT
      자포리자 원전 포격 피해 심각한 수준   핵심장비는 손상 없어 ,IT
신생아 황달 치료 가능한  입는      ,IT
  복덕방  딱지 좀 떼자  자취방 찾다  돈방석  앉더니  놀라운 일이 ,IT
일본 정부  일동제약 시오노기 개발한 먹는 코로나 치료제 긴급 승인,IT
    후폭풍 비트코인   년 만에 최저수준 하락,IT
 갈림길 선      글로벌 기업 도약 정조준   재무전략 고도화 핵심,IT
 월급    만원 받고 대기업 왜 가냐더니   억원 빚만 남은  이 사람 ,IT
신생아 황달 치료 가능한  입는      ,IT
 빈살만  사우디 국부펀드  카카오엔터 대규모 투자 논의,IT
  그룹 인사 구본규   전선 사장 승진,IT
 한국 그렇게 홀대하더니  중국 넷플릭스에  이분  깜짝 등장  누구길래,IT
애플이 공정위에 꼬리내린 날 앱개발사  구글 애플 수수료 높다 ,IT
 애플페이 쓸게요  이달말 한국서 가능  심상찮은 움직임,IT
카카오 먹통사태 보상논의 첫발   피해사례만   만건 ,IT
 로봇에 센서 대신 인공신경망  생산단가 절반 낮춰   인터뷰 ,IT
규모   이상 지진  건 중  건은 남태평양서 발생  피지는 한 달 걸러 한 번 꼴,IT
 단독  오지스   텔레그램  톤 재단과 맞손   억 유저 기반으로 웹  생태계 확장 ,IT
데니스 홍     서비스 로봇 시장서 경쟁력 기업 도전 덕분 ,IT
카카오  먹통 보상책 서두를 것    그래서 언제쯤 ,IT
 종합    양극재 미국행  스타트  첫 주자는   화학,IT
한국 반도체 수출 경쟁력  위  위 하락,IT
   우주군 확대       대응 인도 태평양 우주군사령부 창설,IT
잔치는 끝났다   코로나 특수 누린 제약 바이오 업계 인력 이탈  주의보 ,IT
 아 이뉴스  월드컵 응원도  네카오 는 다르다 보안인증 패스트트랙 가동,IT
웹툰 거래액 줄은 카카오  외형보다 내실 ,IT
민 관 연   미디어 급변  공감  전략로드맵 구축  숙제      온에어 ,IT
덴티스    임플란트 시장서 금맥 캘 것 ,IT
 집 판 돈  억원 날렸다   하루     폭락  휴지조각에  멘붕  뭐길래,IT
반려견  먹는 당뇨약  나온다 대웅제약  신약후보물질 활용,IT
 리뷰  게이밍   와 콘솔을 위한         블랙              게임 드라이브,IT
 제  남극기지  건설한다 내륙기지로는 세계  번째,IT
 오리발  내밀던 애플  공정위 칼날에 수수료         낮춘다 종합 ,IT
 위믹스  개라도 쓰면 공시  실천 중인 위메이드 유통량 기준은  모호 ,IT
카타르 월드컵 개막 네이버 카카오   채팅 으로 이용자 모은다,IT
가입자 이탈에 고민커진      방어 전략 필요 ,IT
   적자      희망퇴직 구조조정 절대 없다 ,IT
트위터 떠난 이용자들  어디로 가나     대안 미디어  급부상,IT
 결국 루나 꼴  숏개미 몰리고     급락 위기의  솔라나 ,IT
달에 최근접한 탐사선  오리온  지구서 볼 수 없는 달 뒷면과 셀카,IT
 팩트체크  상폐된  싸이클럽 은  싸이월드코인  아니다,IT
국내 앱개발사  수수료 차별  애플  자진 시정 예고,IT
    퇴근길   겨울이 온다  인텔에 반도체  위 자리 내준 삼성,IT
제약업체들  전세계  탈모 고민  해결 앞장선다,IT
 파파모빌리티  제 의 타다 아니야 택시는 못하는 영역 공략 ,IT
한수원  캐나다 캔두 에너지와  원전해체  사업 손잡았다,IT
최전방서 북한 무인기 막는 재밍 기술 개발한다,IT
빗썸 상폐  싸이클럽  싸이월드  우리 코인 아냐 ,IT
 오리온  이어  다누리 도 내달 달 궤도 간다,IT
달 탐사 이어 달 궤도 우주정거장도  착착         궤도검증위성  가동,IT
 지금은 우주  다누리는 아직인데 아르테미스 벌써 달에 근접,IT
삼성       과 배터리 합작 손 잡나,IT
 공정위 칼날 에 꼬리내린 애플  과다 수수료 내년까지 자진시정 ,IT
방심위   천   건 오배송 사고 낸 현대홈쇼핑  권고  그쳐,IT
 월   억원  실화냐   별것도 아닌  빨래 배달  했다  대박났다,IT
 사는 경험 으로 나아가는 직방과  스마트홈  사업 의미,IT
     년 완전 자율운항 선박 뜬다  대우조선해양  시험 성공,IT
 현장의재구성  드디어 온다 애플페이 상륙 초읽기,IT
애플  앤앱결제 수수료 과다징수 자진시정키로,IT
 커피 섭취량  고혈압 위험과 무관 ,IT
 단독   출장선 무슨 일이  합의 안된 보고서로        정책 결정,IT
단통법 감시 예산 투입에도 불법보조금  성지  모르면  호구 ,IT
    투자 뒷전 이통사  돈 되는      대역 확보만 군침,IT
현대바이오  혁신 항암제 곧 임상 들어갈 것 ,IT
재료연    대역 전자파 흡수 자성소재 세계 최초 개발,IT
 먹통 사태  보상회의 첫발  카카오 보상까지  먼산 ,IT
직방  반값 수수료 스마트도어로 성장 꾀한다,IT
아이폰  프로 품귀 지속 수능특수 어쩌나,IT
삼성전자  애플에 낸드플래시 공급 전망   중국 리스크 가 새 기회로,IT
 수수료 과다 징수  애플      년  월부터 세금서비스 변경  부가세 제외 산정 ,IT
떠났던  디즈니의 전설      위기에 재소환됐다,IT
아이폰    어떤 모습일까  둥근 모서리 티타늄설  스멀스멀 ,IT
빛바랜 세계 최초               혁신성에 주목해야 ,IT
로봇에 솔루션과 플랫폼까지      년 매출     억 노린다,IT
삼성전자  메모리 한파에 세계 반도체  위 자리 인텔에 내줬다,IT
     창업자   나노칩   애리조나 차기 공장서 만들겠다 ,IT
인강 듣고 치킨 먹으니 이자가 따라왔다 적금의  부품화 ,IT
넷플릭스 광고시장 진출  온 오프라인 광고 잠식 우려      온에어 ,IT
 달러 또 오른다  시름 깊어진 국내 제약사들,IT
창업자 지원 잘하는 기업은 카카오 네이버 삼성 정부는     점,IT
넥슨  할리우드 제작사 품는 이유  플랫폼 확장 ,IT
이영호      책임연구원  퇴행성 신약 초석   아밀로이드 피브릴  구조 국내 최초 규명   ,IT
달 최근접한 오리온  이번엔  달 뒷면 서 셀카 찍었다,IT
 무너진 주가  제약 바이오    인재 영입 나선다,IT
종근당그룹  보툴리눔톡신 자체 개발로 미용성형 강자 도전,IT
유럽   웃음가스  비상  신경계 손상 마비 유발 ,IT
 지포스          과열  느슨하게 꽂은 케이블이 원인 ,IT
  공군도 택했다     극강 경쟁력  보유한   연구소,IT
  년 버텼지만  차량 미배정 에 발목    한국    부평 공장 폐쇄,IT
 호사다마     아르테미스 합승 달 탐사 큐브샛  우주 미아로 ,IT
  화학  미국 양극재 신공장에  조원 투자,IT
메모리 불황   삼성  인텔에  반도체 매출  위  내줬다,IT
구글 클라우드       완화땐  혁신 영상분석  빅쿼리 로    속도  종합 ,IT
  세계 여섯번째 남극내륙 탐사기지 건설 나선다,IT
한국 반도체 수출 경쟁력  코로나 이후  위로 한계단 하락,IT
넷마블  스톤에이지        판호 받았다,IT
     규모  블루오벌    장비 수주전,IT
        지상파 종편 연합군 확대   채널사업 경쟁력 키운다,IT
  달 착륙 실패에도   협력  공고      진전 없어,IT
 싸이클럽은 싸이월드 코인 아냐  상장폐지 공식 입장  전문 ,IT
    국내 첫 피해 나오나    고파이  예치금 증발 우려,IT
무서운  반도체 혹한기  삼성전자  인텔에  왕좌  내줘,IT
   그림 열풍의 역설     가 그린 그림 많아질수록    성능은 나빠진다 ,IT
 아바타   제임스 카메론 감독 한국온다   일 전 세계 최초   개봉까지,IT
스타트업 생태계 점수   점   점  뚝  이유 물어보니,IT
 아차 한 순간 아찔한 사고 산업재해  메타버스가 막는다,IT
 불안한 유럽  위  지킨 삼성     아이폰 철옹성  쌓은 애플,IT
 아르테미스  우주선 달 뒷면       상공 비행  아폴로  호 기록도 깬다,IT
헤리티지펀드  전액 반환  결정   투자자 측  완전 보상  갈 길 멀어 ,IT
 한집안  방준혁 방시혁     동맹서 게임 라이벌로,IT
삼성     경기 침체에도 글로벌    시장 점유율     위 ,IT
싸이월드  싸이클럽 토큰  싸이월드 코인 아니다 ,IT
    몰락에 지배력 강화하는 바이낸스  연말까지 직원    명 추가 고용 ,IT
로보티즈  집개미   서울시 공무원 된다,IT
보험업계 메기 탄생할까 세이브노트    억원 시드 투자 유치,IT
 이슈진단                 주파수 대역 취소 영향은,IT
코로나    확진자 줄고 위중증 늘고   의료계   검사와 추가접종 안한 탓 ,IT
    위성통신에   억유로 투자  빅스텝        등 글로벌 경쟁 가열,IT
 단독  넷마블  스톤에이지      중국 판호 발급 받아,IT
     년 스마트폰 시장    코로나 봉쇄 정책에 달렸다 ,IT
 스타트업 혹한기 체감  창업자   명 중  명꼴,IT
수렵채집 욕구 자극하는 메타버스 차세대 인터넷  코앞 ,IT
미래첨단소재  대구 수산화리튬 신공장에    억 투입,IT
 종합  새 얼굴 선언한 직방  반값 중개 스마트홈 투트랙 전략,IT
나노 막대로 배터리 전해액 휘저었더니 수명 효율 증가,IT
 년에  초씩 더하는  윤초  사라진다   디지털 전환의 흐름 반영 ,IT
빨라지는 지방 집값 하락 지방은행 가계대출 연체 관리  비상 ,IT
 이게 가능해        옷으로 신생아  황달  치료한다,IT
입는     로 신생아 황달 치료한다,IT
    로 지은 옷 입혀 아기 황달 치료한다,IT
정부  세계  번째 남극 내륙 기지 만든다   북극 탐험 위해  만     급 차세대 쇄빙선 건조,IT
 구글 클라우드는 종속 없다  개방형 생태계 전폭 지원 ,IT
통신  사  미래 먹거리  커넥티드카 잡기  대격돌,IT
 달 재착륙 꿈  오리온 우주선  월면      근접 통과 다음 목표는  최장 원거리 비행 ,IT
     프리시즌 패치   안티 카정  아니다 ,IT
강원영동 동해안 호우 돌풍 예보    낙엽 배수구 막힘 천둥 유의해야 ,IT
 국가 연구개발      바이오    년 내다보는  전략  만든다,IT
     년  숏폼 슈퍼앱을 주목하라  ,IT
삼성전자  반도체 톱   중  분기 매출 하락 폭  최대 ,IT
 한국형 사드         요격 시험 성공        년경 실전 배치,IT
애플 에어팟  보청기 대체  논란    더버지   보청기 대안 안돼 ,IT
중국발 글로벌 경기침체 전조일까  대만    월 전자 통신 수출 수주액 급감,IT
 제 남극기지  만든다  세계  번째 내륙기지,IT
고가폰은 애플 저가폰은 중국 배신자 구글   삼성   중고 ,IT
  이익독식   저가공세   세계  위 시계제로  스마트폰 코리아 ,IT
     블핑 굿즈대란  위버스샵  블랙프라이데이 프로모션 진행 최대     할인적용,IT
 디즈니 제국  만든 아이거가 돌아왔다  디즈니 주가    폭등,IT
카카오 홍은택  피해 지원  카카오 혼자 풀기 어렵다 ,IT
인텔 파운드리 사업 수장  돌연 사의 왜 ,IT
카카오게임즈 자회사 라이온하트  개발자 대규모 채용,IT
카카오게임즈 우마무스메  인기 건재   구글 매출 톱   재진입,IT
 갤    아이폰    디자인 변화  티타늄 곡선형 변신  기대감 ,IT
한때는    원    원으로 사라진  싸이월드코인  빗썸서 상장폐지,IT
     톡  손자회사 자회사로     품에 안긴 이노와이어리스  주가도  순풍 ,IT
    핵심 기술  극고주파 차폐 신소재 세계 첫 개발,IT
 쿠폰 또 줘   컬리 오아시스      앞두고  충성고객  모으기,IT
  화학  미국 진출 본격화 테네시 양극재 공장 건설,IT
알테오젠  알토스바이오로직스와 재합병 가능성 높아졌다,IT
애플 이익 독식  중국 공세  동맹 깬 구글   중고 에 몰린 삼성,IT
로봇이 일자리를 뺏는다고     당신 생각만큼은 아니다    연구,IT
 시스템반도체 유니콘     모빌린트  에지    반도체로 글로벌 공략,IT
트위터 대안  하이브  부상 가입자    만명 육박,IT
노후 철도선로 유지보수  시간만에   철도연  고속경화 침목 패드 개발,IT
 우주를 보다  오리온  달 근접 비행 성공 고해상도 사진 보내 와,IT
머스크  트럼프 트위터 계정 복구 후폭풍 인권단체   광고 중단  촉구,IT
  화학    테네시에  조 투자 양극재 공장 건립,IT
직방    년만에    교체  비욘드 홈  선언,IT
 아하  우주  숨어서 몰래 별 잡아먹는 중간 질량 블랙홀 포착,IT
카카오 먹통 피해보상 협의체 가동 홍은택  좋은 결론 내달라 ,IT
 집관족  많다는데 배달업계  월드컵 대비 현황은 ,IT
 한국판      플랫타 자체발행코인 유통 의혹에 금융당국  현황 파악 중 ,IT
     카타르 월드컵 개막  피파온라인   넥슨도 분주,IT
월드컵 노렸나  카카오뱅크   적금들면 치킨준다 ,IT
삼성  세계    시장   년 연속  위   는       위,IT
미 중국 사이에 낀  샌드위치  한국  위태로운 스마트폰 강국,IT
      사태 불똥 튄  고파이  고객돈   억원 묶일 위기,IT
일론 머스크  해고 끝났다   엔지니어 영업직 고용할 것 ,IT
한국재료연구원  극고주파 흡수 자성소재 연속제조기술 개발,IT
      양성 진행성 담도암  항암제 조합 효과 우수  세브란스,IT
삼성전자  세계    시장 점유율    로  위 수성  프리미엄 부문서 선전 ,IT
 카카오 먹통    클라우드     정책토론회 열린다,IT
애플  아이폰  에 곡선형 티타늄 몸체 채택할까,IT
 취재수첩    배터리 수주잔고    조원,IT
호빵맨처럼 자기 희생해 남 살리는  식용 드론  뜬다,IT
클리블랜드 연은 총재    월       기준금리       인상 전망 ,IT
저축은행  은행과 금리 과잉경쟁 수익 둔화 우려 ,IT
           니케가 당긴 방아쇠  글로벌 겜심 천만  탕탕탕 ,IT
롯데  바이오 첫발 삐걱     인수 지연에 취득 예정일도 빈칸,IT
유럽 연구진  증상 없어도 치매 위험 측정 길 열었다,IT
  화학  미국 최대 규모 양극재 공장 건설에  조원 투자,IT
안드로이드 스마트폰   개중    개는 삼성폰,IT
오리온 우주선  달 표면       위까지 성공적으로 날았다  우주로 간다 ,IT
스마일게이트인베가  인벤티지랩 에  번이나 투자한 이유는,IT
 스타트업 법률상식      년  일을 근무하고 퇴직한 근로자의 연차휴가일수는 며칠일까,IT
탐사로버가 포착한  화성의 일식   멋지네   여기는 화성 ,IT
    후폭풍 가운데 선 고팍스  고파이     일이 주목되는 까닭,IT
아르테미스 달 여행  일차   달토끼 보았을까  달 근접비행  성공 ,IT
 인적분할  하는 글로벌 빅파마  국내  쪼개기 상장 에 경종,IT
디즈니  밥 아이거     재선임  왕국 부활  노린다,IT
  전자  올레드       만대 돌파   년 연속  위  눈앞 ,IT
삼성     글로벌 점유율  위     는   년 연속       왕좌  예약,IT
코인 대부업체 제네시스도 파산하나   비트코인   만    달러 붕괴,IT
업비트 빗썸   웨이브  투자유의 종목 지정  연동된 코인 페깅 깨져 ,IT
무한정 늘어나는 데이터    보다 효율적인 관리 필요,IT
     한전 통신망에 양자 기술 심는다,IT
하루만에     폭락  싸이클럽  결국 빗썸서 상장폐지,IT
 수능 은 끝났고  새 학기   기기 벌써 설렌다,IT
   클로즈업  통신 사  서로 달랐던     전략     는 ,IT
신입사원 던파맨 대표 윤명진  입사   년만에 네오플 새 역사,IT
 건축공학하다 태양광 매력에    년간 한우물 판 제주   긱스 ,IT
빅테크 해고 바람에도 틱톡  인력 충원 예정 ,IT
 과학을읽다 혹독한 대공황  인간 유전자까지 바꿨다,IT
인텔 파운드리 서비스 수장   년  개월만에 사임,IT
        애리조나 공장서  나노 칩 생산한다,IT
인류    년만에 달 궤도에 닿다,IT
 긱스 쇼업  본선 오른   개 스타트업에 눈과 귀가 쏠린 이유  긱스 ,IT
참치 낚시에 잡히는 상어  전기충격기로 지킨다,IT
 알츠하이머 치료제 임상 발표 주목 삼바 에이비엘 수혜 기대 ,IT
애플과 경쟁 와중에 유럽서 샤오미에 추격당하는 삼성폰,IT
 미장브리핑    연준 고위 인사 발언 영향 나스닥       하락,IT
 아르테미스  무인우주선 오리온  달      근접 비행 우주다방 ,IT
  코로나   재확산  테슬라 급락  애플도 약세    증시      ,IT
소니 혼다 모빌리티  자율주행자동차에     플랫폼 탑재 가능성 ,IT
 다들 아이폰 산다   삼성 초긴장   년 만에 새 광고로 맞불,IT
오리온    일 달 뒷면      근접 비행 성공,IT
 제 의 머지포인트  막으려다  간편결제  다 죽일라,IT
       주파수 할당 취소  무관심           대역 배분은  촉각 ,IT
사실상 제한없던 한국인 개인정보 국외이전  이제 달라지나,IT
집값 오르면 건강 나빠지고 사망률도 높아진다,IT
 기자수첩  민간에 책임 돌린 과기정통부     정책 실패 인정해야,IT
미중 갈등에  반도체 반사이익         등 세계  대 장비   한국에 모인다,IT
네이버 카카오   관심사 기반 커뮤니티  띄운다,IT
매출 상위   개 게임 중  개가 중국 게임,IT
네이버    조 빅딜 막전막후 김남선     있었다,IT
 달 탐사는 일본과 함께      우주  밀월 관계  과시,IT
 초단기 근로시대  평생직장 없어 고용정책 변화해야 ,IT
 세 시간이면 로봇이 지도 그려내요     네옴시티 도 관심 보인 네이버의 그 기술,IT
차량 어디에나 붙이는 필름형 스피커 내년 출시,IT
 여자 스티브잡스 서 최악의  바이오 사기꾼  몰락,IT
이제와  천문학적 비용   엉터리    서비스           정부에 주파수 회수될판,IT
 카카오 먹통  한 달 보상안 마련은 언제 나올까,IT
    조 투입  용인 반도체 클러스터  공업용수 갈등 풀렸다,IT
아르테미스  달 가장 가까운 곳까지 날아      상공 통과,IT
오리온  발사  일 만에 달 최근접  지구서 가장 먼 곳까지 간다 ,IT
 갤럭시     성능 어떨까 퀄컴  스냅드래곤   세대  벤치마크 직접 돌렸다  김문기의 아이씨테크 ,IT
 내년   자동차 수출        유예 안 될 시    이상 감소 ,IT
 르포 금융권 연탄배달 봉사활동이 필요한 이유,IT
 야놀자 큰일났다  연예인 지겹게 동원     만명 끌어모은  여기어때  턱밑 추격,IT
고팍스   고파이  자유형 이어 만기임박 고정형 상품도 출금 묶이나 종합 ,IT
유튜브뮤직  멜론 제치고 한국인이 가장 많이 사용한 음악 스트리밍 앱 등극,IT
    파산 사태에  자체 코인  없는 국내 거래소들 주목,IT
 전기차 무선충전  눈앞  자율차 알아서 충전패드로 이동 ,IT
   라니 말이 돼   삼성도 충격  중국 지독한 한국산  홀대 ,IT
고팍스  고파이 고정형 상품도 만기 준수 불투명  공지,IT
        빠지는 도미노 효과   한국            장래 불투명,IT
  년간 기후재앙 피해액만    조원 갈 길 먼  손실 피해 보상 기금 ,IT
제 의 카카오 먹통 막을  전고체 배터리   선두   맹추격,IT
 지스타 이야기 하이브 플린트 게임 동맹  어떻게 이뤄졌을까,IT
 아 이뉴스        지연 누구탓  지스타로 트렌트 미리 읽는다,IT
달나라 향한  오리온   오늘 밤 달 뒷면 상공       비행,IT
 한국인   명 중  명 갤럭시   생산차질  애플  아이폰  로 반격하나,IT
미국 유럽  망 이용료 의무화  가닥  한국은  개 법안 표류중,IT
    년부터 이공계 대학원 갈 사람이 없다,IT
 재벌집 막내아들  대박 기대감 컴투스도 웃는다,IT
  대통령  도어 스테핑  중단에    험악해진      디지털   라이프 ,IT
 이 옷 입고 받은 돈이   욕 먹는 협찬  이렇게까지 바뀌었다,IT
 지스타 이야기  아레스 로 본 카겜표         그래픽 액션성  합격점 ,IT
  텔레콤   통신  위 맞손     메타버스 국경 뚫는다,IT
 온라인 플랫폼  선수 심판 아닌 선수 코치 역할하는 것 뿐 ,IT
이현순 안철수   한국을 빛낸 과학영웅   명 명예의 전당 헌액,IT
    퇴근길   슛  골인   카타르 월드컵 개막  온라인도  후끈 ,IT
     위 통신사  메타버스         맞손,IT
삼성종합기술원  한국에서 가장 뛰어난 슈퍼컴 보유,IT
 약 바르고   일 후 모발 자라났다  탈모치료 신약 나올까,IT
청문부터 난관   통신사 주파수 계획 골머리,IT
     활성화 지연  정부도 책임에 자유없다    돋보기 ,IT
이공계 대학생      년 전후 절대규모 감소   연구활동 지속 방안 필요,IT
통신사  발빠른     마케팅  배경은,IT
 탈대만 서막           나노 반도체 공장 설립 공식화,IT
       스퀘어  년    하이닉스 업황 악화에   스퀘어도  적신호 ,IT
넷플 디즈니 는     세액공제 방송업계   도 공제율 높여야 ,IT
카타르 월드컵 시작 유통 업계 응원 행사 쏟아진다,IT
용인반도체단지 건설 속도 낸다 공업용수 취수 갈등 해결 종합 ,IT
삼성에 회사 판  파이어족 도 모자라 대기업 러브콜  부러운  이 남자 ,IT
  와 헤어지고     택한    도코모  한 일 메타버스 연결하겠다 ,IT
  리테일  이커머스 투자 속 신사업 적자 부담,IT
과기정통부  법정 범위에선 해외사업자도     할당 제한없어 ,IT
 플랫폼이 심판  공정위 규제 기준 구체화해야 ,IT
산업   내년 경제성장률      환율     원 수출      감소 전망,IT
 오리온  오늘 밤 달 상공      도착   일간    년만 해후 ,IT
빙하기 찾아온 세계 디스플레이 시장  기업만 투자  펑펑 ,IT
 르포  규제 풀었더니 전기차 무선충전 시대 성큼 전파방송산업 진흥주간,IT
영화 만들고 기획사에 투자하고 엔터테인먼트로 확장하는  게임사,IT
 인위적 감산 없다   이유 나왔다 애플       대신 삼성전자 낸드 구매,IT
    스페인 정상 다녀간 삼성 평택캠퍼스  경제 외교의  으로 급부상,IT
    반도체 투자기업에     인센티브    특별법 제정 서둘러야 ,IT
  콘텐츠 세계 강타했는데 제작업계  고사 위기  외치는 까닭,IT
 홈쇼핑 송출료 갈등       인상은 시장 수요 사업자 경쟁의 결과 ,IT
 콘텐츠 들고 글로벌 시장 뛰어든 이통사,IT
실적 주춤  밥솥명가  쿠쿠  해외 진출 종합 가전 승부,IT
롯데케미칼의 동박 사업   집착일까 집념일까,IT
천억 벤처    개  조 벤처   개     개발   서비스 천억 기업   개,IT
   이용자 첫  위  유튜브뮤직  멜론 제쳤다 공짜 서비스에   음원 시장  출렁 ,IT
다른 빅테크 다 직원 자를 때        명 뽑는다는 이 회사,IT
 연봉 파티 끝  채용문 닫는   업계 허리띠 졸라맨다,IT
유전자가위 혁명 시작했는데  연구자 기업 손발 묶은   규제,IT
 한국  우루과이에  대  로 패배     승부 예측,IT
    사태로 각국  가상자산 규제 고삐 조일 듯     서 공감대 형성 ,IT
손흥민  김민재 있는데    는 한국 승률      우루과이 나와 ,IT
도입약 시장 뛰어든 유통사 지오영  일반약 지르텍 국내 판권 계약,IT
  유플러스     차세대 안테나 기술로 국무총리상 수상,IT
   과학기술 참모  이우일  신속 자문  쓴소리 마다않겠다 ,IT
배민서 네이버페이 카카오페이 못쓸 판   전금법 개정안 우려,IT
애플페이  약관  들여다보는 금감원 견제 나선 삼성페이,IT
  견제 나선   덕에 삼성전자  방긋       대신 애플에 낸드 공급,IT
저조한 백신 추가 접종에  고육책  정부  고위공직자  릴레이 접종  개시,IT
   베팅하며 몸집 불린 네이버웹툰     유료결제 강화로  수익성  잡는다,IT
 써보니 꽂는 순간  나만의 세상  극강 노이즈캔슬링  에어팟 프로  ,IT
코오롱   인보사  정부 연구지원금 환수 취소소송에서 최종 승소,IT
          빈틈없는 시야각에 높은 몰입감 피코   기대 이상의   ,IT
전세계가 극찬하는   환승 체계 티머니  뉴질랜드에 수출,IT
 국민의 명령이다  간호법 제정하라  ,IT
민주당  간호법 정기국회 통과는 이재명 대표의 뜻,IT
 우리나라 과학 수준 올라가   네옴시티  건설 기회로 활용해야 ,IT
  슈퍼컴 성능 세계  위   지난해보다 두 단계 내려가,IT
경동나비엔  해외 매출     억 돌파  초읽기 ,IT
네오플   던파맨  윤명진 신임대표로 내정,IT
 달콤한 사이언스  반려동물에 수분 많은 음식 먹이면 나도 환경파괴범 ,IT
 단독 압타바이오 정정공시   차지표 아니었다 또 거짓말 논란,IT
 팬데믹 이후  세계 최대   행사  몸집 확 키운다 미리보는           ,IT
아르테미스 탐사  일차   달의 이끌림  속으로 달 근접비행  초읽기 ,IT
진짜  블프 가 왔다 이커머스 역대급 할인행사 총출동,IT
 한국  우루과이에  대 로 진다    의 승부예측 맞을까 ,IT
국가 핵심기술 유출 위협 지속     적발해도 솜방망이 처벌 ,IT
드라마  재벌집 막내아들   동시간 최고 시청률에 웃는  컴투스 ,IT
이우일 부의장  쓴소리 할 것   대통령  자주 참석하길 ,IT
 이공계 대학원 입학자      년부터 연평균      감소 ,IT
 던파의 아버지  윤명진   네오플  대표된다,IT
슈퍼컴퓨터 경쟁서    위 유지  삼성 슈퍼컴퓨터는 순위 하락,IT
전기차 배터리 화재 억제기술     년까지 확보,IT
세계최대 이산화탄소 저장소 만들고 수소공급 늘린다,IT
그린수소 생산 역량 확대   세계 최대 이산화탄소 저장소도 짓는다,IT
탄소중립 기술로드맵    만톤     만톤           만대가 의미하는 것은 ,IT
 수소      등으로 탄소중립  기술혁신 전략로드맵 수립,IT
밥 아이거   디즈니 부활  특명 띠고     복귀,IT
 단통법 보완책  장려금 투명화 시스템 확대 성지 해결엔  글쎄 ,IT
 지구를 보다  반경     내에 다 모였다 우주에서 본 카타르 월드컵 경기장,IT
 완충까지  시간  쌍용차   전기차 무선 충전 플랫폼  첫선,IT
이공계 대학원생도     년 전후로 줄어든다는데 ,IT
 면접 순서가 실제 평가에 영향 준다 ,IT
 단독  과기정통부   남북 과학기술 협력  지운다,IT
원익피앤이  배터리 장비 인력 전년비     급증,IT
삼성종기원 슈퍼컴 국내 최고  세계   위,IT
이종호 장관      정책실패 아냐  가야 할 방향       황현식      ,IT
전세계  톱     슈퍼컴퓨터 순위서    대 등재로  위,IT
    우수한 열 관리로 반도체 전력 밀도 높였다 ,IT
세계 난방시장 달군 파세코  사상 최대 수출액 경신 예고,IT
진짜      뺏길 위기 놓인 통신 사       대역에 더 관심,IT
삼성종합기술원 등   슈퍼컴퓨터  대  글로벌 톱   에 등재,IT
 뉴스속 기업 넥슨이 선택한     ,IT
 식상하다 생각했는데   한복 입은  이 여성  몸값이 무려,IT
    지니   에서 카타르 월드컵 생중계 더 선명하고 빠르게,IT
컴투스 계열사 투자 제작  재벌집 막내아들        시청률 기록,IT
 우여곡절  끝에 가동 중이온가속기  라온    아직 갈 길 멀어,IT
인간을 원숭이와 구분케 하는 특정 뇌세포 발견,IT
증권가    월 금통위  베이비 스텝  전망 대세,IT
 던파맨  윤명진 액션스튜디오 이사  네오플 이끈다,IT
 테슬라  너 마저   테슬라  차세대 반도체 삼성전자 대신      발주,IT
넥슨  어벤져스 만든 제작사      최대주주로  김정주의 꿈 ,IT
아르테미스  호  오늘 밤 달 가까이 접근한다  우주로 간다 ,IT
면접 순서 따라 당락 결정되는 이유는   면접관의 인지편향 때문 ,IT
 대형 프랜차이즈  자영업자보다 인플레이션 대응 힘들다 ,IT
     억원 이더리움  큰손     해커     억원어치 팔자 시세 뚝,IT
앱스토어 총괄 필 쉴러  트위터 계정 돌연 비활성화,IT
지마켓 옥션   해외직구 빅세일  진행,IT
전기차 충전  남은 전력 사고판다    기아 티비유  에너지 거래 솔루션 실증,IT
 주간블록체인  이번주 코인시장  반드시 지켜봐야 할  가지 포인트,IT
넥슨  어벤져스 만든   제작사      최대주주 등극,IT
 파산       상위   명에 진 빚만  조원,IT
올해    만대 리콜한 테슬라  또 리콜    후미등 오작동 ,IT
슈퍼컴  톱     공개 한국  성능 대수 모두 전세계  위,IT
용인 반도체산단 조성 급물살   용수시설 인 허가 마무리,IT
카타르 월드컵 논란  확대       월드컵 앱  개인 감시  우려 ,IT
 과학을읽다 오리온 우주선  오늘 밤 달에 도착한다,IT
네이버     인증서 전세계 주요    브라우저서 다 쓴다,IT
용인반도체단지 공업용수 취수 갈등 해결 건설에 속도낸다,IT
샤오미  건 습식 진공청소기      프로  출시,IT
슈퍼컴  톱     한국 성능 대수 모두  위,IT
  디스플레이   보이지 않는   스피커  개발,IT
신한 우리 농협금융 차기 회장 선출에 드리운  관     그림자,IT
정보보호 업계  빅    분기 웃었다  분기도  맑음 ,IT
전국 홈플러스 매장서   스카이라이프 알뜰폰 유심 판매,IT
 먹통 사태  카카오  주 만에 호감도 평소 수준 회복,IT
 바이오노트 대해부     공장 설립        새 동력 확보 ,IT
지스타     폐막 출품작 흥행 여부  시선집중 ,IT
       순서가 평가에 영향 주는 것은 합리적 뇌 때문 ,IT
내년 게임 시장은 다양성 지스타로 미리 읽은 트렌드,IT
파산 신청      청산    매각 법정다툼  점화  상위   명 빛만  조원 넘어,IT
게이머를 위한  지스타       흥행했지만 소통 부재,IT
생각만으로 드론 띄운다  고도변화 정지비행도 구현,IT
 미국 회사 아닌가요   서울에 앉아 글로벌 브랜드 만드는 법  긱스 ,IT
닭고기 배양육  미     벽 넘었다 남은 벽은   배 비싼 가격 ,IT
  디스플레이  보이지 않는 차량 스피커 내년 상용화,IT
용인반도체단지 건설 속도 낸다 공업용수 취수 갈등 해결,IT
카타르 월드컵 특수 이커머스 홈쇼핑  집관족  공략,IT
 주간 클라우드 동향   월        등급제 개편 속도조절    향방은 ,IT
 시진핑  해리스 만난 대만      창업자  차이잉원 메신저 ,IT
목성 크기  전자 무게 표현  퀘타   론토  등 단위접두어  개 추가,IT
테슬라  후미등 오작동에 미국서   만    대 리콜 올해   건,IT
윤초      년까지 폐지된다    기업에게 희소식 ,IT
머스크  트위터 직원 추가 해고  계획,IT
삼성전자  구글 제치고  글로벌 브랜드   위 차지,IT
넥슨  할리우드 영화사      최대주주   상반기 총  억 달러 투자,IT
가상인간  나수아  온마인드  하나은행서   억 투자 유치,IT
  콘텐츠 제작비 세액 공제율 상향 절실 ,IT
     엘라히어  기대치 밑돌아도 승인    레고켐     은 방긋  왜 ,IT
 체험기 똑똑해진  에이닷  사진 편집 알아서 척척,IT
 홈플러스서 스카이라이프 후불 유심 구매해요 ,IT
     통합브랜드   픽  출범  독점 콘텐츠 확보 ,IT
알테오젠  허셉틴시밀러   출격 임박  예상 수익은,IT
 파산 신청       상위 채권자   명에게  조원 이상 부채,IT
넥슨   어벤져스       최대주주 등극  김정주 꿈 이룬다,IT
모건스탠리  빅테크 대량 해고  전체시장 확산 없을 것 ,IT
실손보험 간소화 법안은 보험금 지급 줄여 보험사 배불리려는 것,IT
   서 사라진 이더리움 덤핑       달러까지 추락,IT
트럼프  트위터 복귀 없다  한 발 늦은 계정 부활,IT
  번가 아마존   블랙프라이데이 오리지널  할인 행사 연다,IT
 대형 바이오   실적이 주가 모멘텀 삼바 셀트리온 최선호 ,IT
애플  아이폰   프로 더 차별화 등급 나누기 강화한다,IT
윤초 없애고 초거대 초미세 단위  개 신설,IT
 바이오노트 대해부   코로나  끝물 에도 글로벌 톱  자신하는 이유,IT
대한건설기계안전관리원 갑질 여부 도마에,IT
페이스북  내달 프로필서 정치 종교 성적지향 정보 삭제키로,IT
 훔치고 속여도 성공하면 된다  실리콘밸리가 만든 금발의 미녀 사기꾼  박건형의 디코드     ,IT
 사이언스카페  미국     년 전에 달에 우주인 기지 세운다,IT
    한국 진다  예측  경기 보며 채팅도  카타르 월드컵  즐기는 방법,IT
 기자의 눈  노코드 가 온다 이재용 최태원에 가린     시민 개발자 ,IT
한니발 장군은 왜 코끼리를 데리고 알프스 산을 넘었을까  세 번째 수수께끼 ,IT
삼성    마이크론   램 기술격차 사라졌다      장비 확보가 승부처,IT
 인터뷰   모두가 아마존이 될 수 없다   헬스케어 스타트업    에 집착 말라 ,IT
먹통 바로잡으려 돌아온  카톡의 아버지 ,IT
업비트  오늘부터  카카오 로그인  못 쓴다 자체 로그인 전면 적용,IT
 먹통에 호감도 급락한 카카오  보름만에 평소 수준 회복 ,IT
 웹     정보의 바다는 끝났다 이젠 돈 주고 사야 ,IT
 우보세  담당 애널리스트가 단  명도 없는 이 업종,IT
미안해  팬데믹은  하지만 돌아갈 야생이 없다면 또 다른 팬데믹 없다고 장담 못해 ,IT
썸녀의 뇌 해킹  과연 축복일까  유용하 기자의 사이언스톡 ,IT
아이폰  프로  출시 한 달 만에     번인 논란,IT
점유율    로 격차 벌린 삼성  아이폰   품귀 여전  반격 노리는 애플,IT
 조    억 중이온가속기 가동  우리도 신물질 도전한다,IT
넥슨  어벤져스 만든 할리우드 제작사 최대주주 됐다,IT
      스퀘어 하나금융  초협력으로 미래금융 대응 ,IT
유니콘 직전에 휘청  부릉  매각설이 스타트업에 주는 경고,IT
스스로 복구하는 자가치유 화학 신소재  우리가 몰랐던 과학 이야기       ,IT
여기부터    분  게임 한판에 부산이 줄섰다,IT
효과 있으면 그냥 쓰면 되는데 다시 걷기의 원리를 찾아야 하는 까닭 신경과학 저널클럽 ,IT
해바라기유 콩기름     더 많이 짜낸다,IT
삼라만상  창조 의 비밀을 풀기 위해 만들어진  꿈의 공장 ,IT
소리보다 빨리  소음 없이 비행  소닉붐  없는 초음속 항공기,IT
 블록버스터 톺아보기 릴리 폐암 치료제  알림타   보령이 판매하면 다를까 ,IT
코로나  로 폭스콘 공장 가동 차질 애플  분기 매출 타격 전망,IT
   주간브리핑        카타르 월드컵 킥오프 한은   일 기준금리 추가 인상 예고,IT
 여보   천 손실 감수하고 팔자   좀 더 버티자  골칫거리 된 카카오,IT
넥슨   어벤져스  제작사      최대주주 됐다,IT
이통시장 고인물에 제 이통  메기 푼다,IT
웹툰제국 꿈꾸는 네이버 카카오  조 뭉칫돈 베팅,IT
 년 만에 완전체  지스타       폐막   만    명 다녀갔다,IT
 단독     어벤져스  제작사 넥슨  최대주주 됐다,IT
돈 되는 메타버스  크리에이터들 올 한해     억  시장 창출  가상세계서  진짜 돈  버는 시대 ,IT
 지스타  나흘간 축제에   만 천명 방문  체험형 게임  열기 후끈 종합 ,IT
 이게    만원 누가 사   한국 위협  접는폰  정체  알고보니,IT
넥슨   어벤저스  감독 제작사 최대주주 등극,IT
    꺼야할 판에도  꺼지지 않는 주파수 신경전,IT
네이버 한전      할당 받아     통신사업 뛰어들듯,IT
빌딩안 상점 위치까진 모르는 내비   앞으론 콕 집어준다 어떻게 ,IT
    서 티빙 넷플 유튜브 다 본다,IT
 일간   만명 찾은  지스타  올해 키워드는  다변화  종합 ,IT
 성기현 교수의 글로벌 미디어 이해하기     컴캐스트는 유료방송을 포기하나,IT
막 내린 지스타   년 만에 화려한 복귀 볼거리 안전 다 잡았다,IT
   단상 퀄리티 타임 가전 시대,IT
 이게 어떻게 가능해    진짜 같은 가짜  옛 노래 불렀더니   만 몰렸다,IT
 스냅드래곤      가 중요  오라이온      내년 출격 ,IT
            년 안에 달에 사람 장기체류 가능 ,IT
만화로 영화 게임만든 마블처럼    콘텐츠 영역파괴 도전,IT
 임직원 역량을 증폭시켜라       성장도 꿈 아니다 ,IT
  만명 몰렸다  지스타의 귀환   크로스플랫폼  승부 건 게임사들 지스타      ,IT
초유의    주파수 할당 취소  가지 후폭풍 김현아의   세상읽기 ,IT
   중공업 파는 파인트리파트너스의  네 가지 전략 ,IT
 년 만 정상개최  지스타    게임 열기로 벡스코 달궜다,IT
 이러면 다들 아이폰 산다   삼성  사상 초유의 사태   막을 수 있나,IT
 지스타       모바일 넘어    콘솔까지  신작체험 열광,IT
수면위로 드러난      방만 경영  창업자에 쏟아지는 비판,IT
삼성 애플 비밀무기    가 온다,IT
워런 버핏이 찍은           외 공장 건설 나서나 삼성도 추격 속도,IT
 여기는 지스타 파라곤  디 오버프라임   하고 보는  재미 다 잡았다,IT
 지스타       내년 게임 트렌드  콘솔      덕후 게임 의 반란,IT
    갤    시리즈 지원금 최대   만원 인상,IT
     아웃  이통 사     주파수 추가 할당  셈법 은 ,IT
트럼프 트위터 계정   개월만에 복구        찬성,IT
    는 별로지만     는 원해  통신  사 셈법 다른 까닭은  이상은의    산책 ,IT
 여기는 지스타        신  강림 제 전시장    서브컬쳐  대세  등극,IT
광동제약이 제약업 복귀 위해 해결할 과제 백신 매출 회복,IT
한미약품 폐암신약  포지오티닙        신속승인   일 결정,IT
소아 당뇨병 지연치료제       승인  게임체인저  되나,IT
   의  제곱 은 뭐라 부를까 데이터 급증에 단위 접두어  개 도입,IT
결판까지       고팍스 코인 예치서비스 막히나,IT
    니로 스포티지  호주 아일랜드서  올해의 차  선정,IT
 르포    기 가속모듈 중 전단부  기로   년만에  빔 첫 인출  결실,IT
      경쟁 대신 한 플랫폼에 품는다    유플러스      전면 개편,IT
   브리핑  이번 주 꼭 챙겨봐야 할 뉴스,IT
머스크   트위터  대탈출 확산 가상자산 책임자도 떠났다,IT
   상용화 늦은     인도   리얼     투자는 적극적 나서,IT
 한국 첫 월드컵날 치킨 필수인데  역대급  배달 대란  예고  무슨 일,IT
트위터  트럼프 계정 복귀  현지    선  다크 나이트가 돌아왔다 ,IT
귀뚜라미  카본매트 통했다 홈쇼핑   회 완판,IT
 라이프스타일가전 전성시대     신발도 자산  깨끗하게 관리해야죠    삼성 비스포크 슈드레서 ,IT
     점검 포스코케미칼 음극재   시장  돌풍  예상    인니산 니켈 은 어쩌나,IT
    대역 다운로드 속도         ,IT
고팍스  고파이  출금 지연   일이 고비 고팍스  여러 가능성 대비 ,IT
 트렌   롱패딩 가고 숏패딩 온다   블프  대목 맞은 패션 플랫폼,IT
 지스타       게임에 진심  부스 현장 발로 뛰며 즐긴 카겜 조계현 대표,IT
 지스타       칼리스토 프로토콜   대기시간만  시간  인기 ,IT
 지스타       크래프톤  칼리스토 프로토콜  기대감   맛있게 무섭다 ,IT
 지스타       넷마블   파라곤  디 오버프라임  자낳대 결승전 팀  부산행  승리,IT
경제위기에도 대기업 기부금     억 늘려  교보생명  최대증가,IT
티몬   늦가을 초겨울  국내 호캉스 인기 코로나   이전보다 매출  배 ,IT
전기차 전년         껑충     국내 등록 친환경차     만대 돌파,IT
                                할당 취소 지하철 공동 구축  차질 ,IT
인베슘   하모니카       태백           출시,IT
 청소년       친구 관계에 도움 되지만 감정 소모 유발 ,IT
 과학 한스푼  꿈의 동위원소 만드는 중이온가속기   노벨상의 산실될까 ,IT
 지스타      마지막 날까지 식지 않는 열기  주말 맞아 인산인해,IT
 대체 누구길래   살아 움직이는  이 분  보려고 우르르 난리,IT
삼성전기  포항공대와 소재 부품 인재 양성    ,IT
 잇써보니  게임스컴 휩쓴   의 거짓  직접 해봤습니다,IT
네이버 카카오   카타르 월드컵  특집 페이지 운영,IT
머스크 인수 트위터에 퇴사 행렬  암호화폐 전문가도 떠나,IT
 지스타       박성철 에픽게임즈 대표  언리얼은 계속 쉬워질 것 ,IT
 초음파 수가 손본다고  의료계와 논의부터 해야 ,IT
 퀄컴서밋   인텔     기다려  퀄컴   제 의 애플  될 수 있을까,IT
 전기차 배터리 뜨겁지만     년 낙관은 금물   예상되는 악재는 ,IT
 과학기술인 최고 권위  한림원 정회원    명 신규 선출,IT
 우주생성 비밀 찾는다  중이온가속기 빔인출 현장 가보니,IT
         선언한       해외    의존  순응 안하면 도태  종합 ,IT
 뉴스잇    쥬   년만에 완전체  지스타                 할당 취소,IT
 지스타  나흘간의 게임 향연 피날레  체험형 게임 에 반응 폭발,IT
 년에  초씩 증감  윤초      년까지 폐지된다,IT
  서 초고주파    성공 중요해   이통사에 노하우 지원할 것 ,IT
 아이폰   프로  인기에도 애플  끙끙    생산 차질에 대기 시간    일 ,IT
  전자  렌털사업 성장세 주춤 품목확대로 돌파구 마련,IT
제이오  내달     톤     신공장 준공   년     톤 확대,IT
 박정호의 미리 가 본 미래     레트로 디자인이 유행하는 이유,IT
삼라만상 비밀 풀  꿈의 공장  대전 중이온가속기연구소 가보니,IT
 코리아늄 을 찾아라  중이온가속기    년만에 내년  월 시운전,IT
 르포 한국형 중이온가속기  물질 우주의 기원 밝힌다,IT
 스냅드래곤     성장 발판 마련   오라이온    도 곧 출시 ,IT
      퀄컴서밋                속도 측정  시간후   취소 소식 들렸다,IT
연내       인증  취득  기업 나올까          곳 심사 중 ,IT
      퀄컴서밋  케다르 콘답  윈도 스냅드래곤 조합 기업 겨냥  오라이온  극비 ,IT
세라믹 수전해전지 상용화 앞당긴다,IT
세라믹 수전해전지 상용화 앞당긴다       전해질 원리 규명,IT
   조 투입된 중이온가속기  시운전 성공 향해  착착 ,IT
      퀄컴서밋              쓸 곳 따로 있다 갤럭시      목표 초과 ,IT
그린수소 생산  세라믹 전지  상용화 돌파구 열었다,IT
 르포  주기율표에 이름 올릴 새 원소  코리아늄 을 찾아라,IT
과학기술한림원      년 신임 정회원   명 선출  김소영       교수 박홍규 고려대 교수,IT
 단군 이래 최대 과학 프로젝트    거대과학시설 중이온가속기 현장을 가다,IT
과학기술한림원 정회원에 김소영 안지훈 김재국 교수 등   명,IT
 바이오  투자 늘리는 오리온그룹  추가  신사업  이어질까,IT
 르포 신물질  코리아늄  탄생할까   중이온가속기  라온  가보니,IT
우여곡절 끝에 첫  빛  내보낸 중이온 가속기  라온  세계 최고에 도전,IT
 과학을읽다    만분의      원자 세계의 문을 연다,IT
     연구진  그린수소 생산하는  세라믹 수전해 전지  상용화 앞당겨,IT
삼성전자   글로벌 최고 브랜드  첫  위   구글 제쳐,IT
로슬린 레이튼 박사  망 무임승차방지법은 한류 경쟁력 기반       포브스 기고,IT
 배틀그라운드  개발자  지스타서 팬들과 랜파티,IT
삼성전기  포항공대와 소재 부품 인재 양성  맞손 ,IT
전국  만    개    편의점에  자동심장충격기  설치된다,IT
  헬로비전  자립준비청년   명  년 통신비 지원,IT
  헬로비전  아름다운재단과  자립준비청년 에 통신비 지원,IT
현대차그룹    최고 권위     평가서   기업 부문  년 연속  위,IT
  헬로비전  자립준비 청년들에 통신비 지원,IT
  헬로비전  아름다운재단과 자립준비청년 통신비 지원,IT
넷플릭스 잡아먹을         키운다,IT
한국 프랑스   세대 원자로  용융염원자로  설계 협력,IT
국내 코로나   누적 사망자  만명 세계에서   번째로 많아,IT
 지스타       하이프스쿼드  다양한 모드 재미  목표 ,IT
남은 자산  영끌 하는      글로벌 자산 검토 시작,IT
금융  쇼핑  예매까지   네카오 잡는  슈퍼앱  키우기 열풍  아이티라떼 ,IT
트위니 로봇이 용인세브란스병원을 누빈다,IT
 대학생 프로그래밍 경시대회  대통령상에 서울대         팀,IT
엑스레이 정상인데 허리통증 끊이지 않는다면     디스크내장증  의심,IT
    레이더   머니게임  유튜버 진용진의 신작  웨이브  버튼게임 ,IT
연이은 은행권 뱅킹 시스템 장애  왜 ,IT
  중외제약  경구용 신성빈혈 치료제  에나로이정  식약처 승인,IT
  헬로비전  아름다운재단과  자립준비청년 통신비  지원,IT
  정부  머스크 트위터 인수 불확신 데이터 보안 우려 ,IT
    군입대 매출손실 이걸로 막는다   방시혁이 무릎 친 새 사업,IT
웨이브 오리지널 드라마  약한영웅          오픈 첫 날 신규 유료 가입자  위,IT
국내 코로나   사망자  만명 넘어,IT
중국용 고성능칩       의 미스터리       정말 싸우는거 맞나,IT
삼성카드  무단결제  논란    사실 무근      이론상 해킹 가능 ,IT
한국 대학생 프로그래밍 경시대회 대상에  서울대          팀 ,IT
과기정통부   한국 대학생 프로그래밍 경시대회  성료,IT
    하나금융  웹    마이데이터 협력,IT
   리스크 에 아이폰        만대 생산 차질 유력    이노텍 타격없나,IT
               할당 취소           배분  촉각 ,IT
지스타에 뜬 넷마블  신작  종  집중조명    내년 기업 성장 기대,IT
 고든 정의        이제 진짜    회사  엔비디아  분기 실적서 드러난 명암,IT
        손실과 피해  기금 마련 잠정 합의,IT
혼돈 속 트위터   가상자산  책임자도 퇴사,IT
넥슨  카트라이더  드리프트   지스타서 레이싱팬 사로잡아   내년  월 출시,IT
     붕괴 에 비트코인 등 암호화폐 횡보,IT
  유플러스       통합 검색 추천 랭킹 담은          진화,IT
      아닌        되겠다  확장성으로 승부수 건     ,IT
  유플러스           시대 선언  맞춤 통합 콘텐츠 제공 ,IT
      스퀘어 하나금융  웹 에 공동투자한다,IT
  텔레콤   스퀘어 하나금융     금융 혁신 초협력,IT
조용한 초음속 비행기        개발 속도 내년 첫 비행,IT
           넘어         로        전격 개편,IT
 실시간    보면서     탐색까지              로 재탄생,IT
      스퀘어 하나금융  초협력으로     금융산업 혁신 ,IT
           모바일    스카이라이프  그룹    상  수상,IT
크래프톤 신작  칼리스토 프로토콜   지스타서 주목,IT
 하이브     등식 깬다  방시혁이 게임 사업에 도전장 던진 이유,IT
파산보호 신청     사업매각 준비   자회사 자산 검토 시작,IT
마비환자  생각 내비 대로 휠체어 움직였다,IT
 지스타        맛있게 무섭다  크래프톤 공포 게임에 게이머  열광 ,IT
       빼앗기는 통신 사  이제는      대역 배분에 관심,IT
다시 걷는 희망 부축하는 조력자   신경세포 의 비밀,IT
 지스타       위메이드  고퀄리티         나이트크로우  내년 출격,IT
지스타에서 즐겨본  의 거짓   기대 넘어선 손맛과 속도감,IT
 한국 스타트업 글로벌 진출 열망 봤다 영국이 힘껏 도울 것 ,IT
      할당 취소에            관심 항공안전 위협 우려도,IT
     누가        대역을 가위질 했을까  김문기의 아이씨테크 ,IT
카뱅 이어 케뱅도 전산장애  인뱅 전체    투자 필요성,IT
    메타버스 크리에이터 키워  글로벌 미디어 콘텐츠 강국  도전,IT
 인터뷰  송경민        대표  위성에    더한 스페이스 데이터 시장 공략  스타링크와도 협업 논의 ,IT
   시장 한파에 삼성     월드컵 블프  더블 특수  총력전,IT
 택시 부를 때 승객이 호출료 제시  도입 어떻게    요금 상한 둔다 ,IT
대만대표로      참석한      창업자  시진핑과 짧은 대화 ,IT
   시야  게임 꺼  청소년 게임 막은  셧다운제  실시 그해 오늘 ,IT
    예술가 는 이미 현실  이제 창작자들이 연대해야,IT
 지스타      붕괴   최신작  붕괴 스타레일   턴제 전투 시스템 돋보이네,IT
 지스타      호요버스 기대 신작  젠레스 존 제로  해보니  이대로만 커다오 ,IT
방시혁 하이브 의장   게임사업 본격화할 것 ,IT
  이 분  직캠 어마어마하게 나오더니  난리 난 카카오엔터  무슨 일 ,IT
 지스타 에 등장한  갓 오브 워 라그나로크   지스타      현장에서 ,IT
 휴가 때 회사 전화받는거 너무 싫어   열받은 김대리  비장의 무기가 ,IT
방시혁  게임사업 본격화 엔터사업과 적극 융합 ,IT
어린이 연구자 학부모도 참여하는 이 언론의 독자위원회,IT
 잘 나가는 이 여성  삼성폰 에 진심이네  유명인도 푹 빠진  이것 ,IT
 지스타           소속사 하이브  게임 사업 본격화,IT
 지스타      게임에 손 뻗는 하이브 개발 퍼블리싱 두 마리 토끼 잡는다,IT
 지스타       침착맨 도 느낀 공포  칼리스토  맛있게 무섭다 ,IT
넷마블   파라곤  디 오버프라임  자낳대 결승전 진행,IT
방시혁  게임사업 본격화 엔터사업과 융합해 진화할 것 ,IT
     의 하이브  플린트 손잡고 게임사업 강화,IT
 지스타       삼성폰과 게임이 만났다   갤 폴드   원신폰  재탄생,IT
 주간  템   던파모바일  게임대상  이통사    주파수 흔들,IT
하이브    첫 퍼블리싱 게임  배틀리그 히어로즈  내년  분기 출시,IT
 어디서 봤지  낯익은 얼굴  시끌벅적  이 사람  정체 알고보니,IT
방시혁  하이브  게임까지 잘하는 종합 엔터 플랫폼으로 도약 ,IT
 여기는 지스타 하이브   품에 안긴  별되   방시혁 사업철학 통할까,IT
 지스타       삼성전자 부스에 펄어비스  검은사막     총출동,IT
침착맨  맛있게 무섭다   칼리스토 프로토콜  뜨거운 열기,IT
크래프톤 신작  칼리스토 프로토콜   맛있게 무서웠다,IT
 게임의 바다 로 풍덩  부산  지스타      열기 후끈,IT
 게임에 모든 엔터 함축       소속사  하이브  게임 사업 본격화,IT
 여기는 지스타      하이브  종합 엔터기업  게임  사업 본격화     별이되어라   퍼블리싱 계약,IT
광고 시장 위축 미디어업계 비관 전망 속   콘텐츠 투자는  청신호 ,IT
 지스타      넥슨표 루트슈터  퍼스트 디센던트  출격,IT
넷마블   지스타      주말 내내 이벤트 대거 진행,IT
하이브  별이되어라   퍼블리싱 맡는다 지분투자도 단행,IT
 지스타        별이되어라    명쾌하고 깊이 있는 액션 구현 ,IT
    소속사 하이브   별이되어라   퍼블리싱으로 게임 사업 본격화,IT
흥행  지스타       내일까지  역대 최다 인파  몰릴 듯,IT
 지스타   이날만을 기다렸다  부산에 전국 게이머  총출동 ,IT
 지스타       수능 끝  주말 시작  오늘이 진짜다 ,IT
트위터 대안으로 떠오른 마스토돈  일부는  회의적  왜 ,IT
     미디어 교육 필요  한목소리  리터러시 포럼  개최,IT
 지스타      대규모 전투 대결부터 코스프레까지 넷마블표  보는 재미 ,IT
 지스타       침착맨  이말년도 해봤다   칼리스토 프로토콜  빛도 무서워,IT
지스타       가장 많은 인파 몰린 토요일도 안심,IT
 지스타       가디스오더는 사랑과 낭만을 외칩니다 ,IT
 달콤한 사이언스  다둥이 엄마들 유독 기운 없어 보이는 이유는 ,IT
 지스타      모바일부터 콘솔까지   펄어비스  검은사막   삼성전자 부스 총출동,IT
 비트코인 샀다가 반토막  계속 사겠다  정신 못차린   대 베팅  성공할까,IT
엇갈린 실적에 우는 타겟과 웃는 월마트 왜 ,IT
     카타르 월드컵 코앞인데   트위터  먹통 우려  엔지니어 대거 퇴사,IT
 원전 최강국  한국 프랑스 기술동맹   개 분야 밀착  협력 ,IT
 우영우  자폐증 완치 가능해질까    연구진 새  단서  찾았다,IT
그녀석 예측 따르면    이란   유일   강 진출   데이터로 세상읽기 ,IT
 게임위드인   문 닫은 게임 되살려보자  넷마블  오버프라임 의 진심,IT
 지스타       하이프스쿼드   경쾌한 액션 배틀의 매력,IT
빅테크 기업 해고 사태  그래도 갈데는 많다    재규어랜드로버       대규모 구인나서,IT
 게이머 축제 는 일부일 뿐 지스타    게임산업 이정표  지스타     ,IT
우리나라 프랑스     억 투입     등 미래원자력기술 신규 협력,IT
노벨경제학상 폴 크루그먼   가상자산   탈중앙화    규제  모순 ,IT
지스타     시연작  글로벌 공략 초점   흥행 기대작은 ,IT
지스타 출전      게임사에 개발 통합 솔루션 지원 ,IT
한 프랑스  멜트다운  없는 원자력 신기술 손잡는다  용융염원자로      협력 합의 ,IT
월급 고스란히 갖다 바친다 중국인들 유별난  아이폰 사랑   조아라의 소프트차이나 ,IT
 피 한방울로 혈액검사    테라노스 사기극 엘리자베스 홈즈  징역   년 개월,IT
빌게이츠  아프리카 원조 금액   억 달러로 대폭 늘리는 이유,IT
아이폰   프로 인기 역주행  대기기간   일 ,IT
       로 사명 바꾼 앱애니  기업 인사이트 전한다,IT
진입장벽 낮춘 생존      디스테라   생존         이끈다,IT
 과학을읽다 인류의 화성행  말과 마차 부츠가 준비됐다,IT
통화긴축 경계속  피봇  기대 교차  나스닥 반등  테슬라  약세 지속    증시      ,IT
 지스타      넥슨 귀환에 첫날  만명 몰렸다 역시는 역시,IT
 지스타      게임사가 만드는  플랫폼       부스에 쏠린 관심  이유는 ,IT
 지스타       크래프톤  칼리스토 프로토콜  공개하자 인산인해,IT
 여자 스티브 잡스  엘리자베스 홈즈  징역   년형,IT
사우디가 손 잡은 비피도     급등  한재영의 바이오 핫앤드콜드 ,IT
팔에 난 상처  밴드 떼지 않고도 회복 상태 알려준다,IT
나는 얼마나 살까     에 숨은 비밀,IT
정부    망 투자  외면 이통사 철퇴,IT
 삼성반도체 공업용수로 하수처리수 공급 추진    일 협약식,IT
꼭  등이 최고  사내 메신저  슬랙 대신 두레이는 어떨까,IT
 아무     인류의 꿈  생각하는 기계  좌충우돌 발전한 인공지능,IT
 금융  택트  인터넷전문은행 정신 차립시다,IT
게임 데뷔한  나혼렙  지스타서도 이목집중   흥행 보증 글로벌 진출  토요웹툰 ,IT
카카오게임즈 야심작  가디스 오더   수동조작으로 손맛 극대화 ,IT
아르테미스 유인 달 착륙   아폴로 때와 다른 점은 ,IT
 수능 힘내 라는 수험생 노린 피싱 기승  예방법은,IT
 진짜    논란  파란만장     주파수 결국 초유의  할당 취소 ,IT
 지스타  김석환 위메이드 부사장  디파이 접근성 향상에 초점 ,IT
 수능 끝  수험생 잡아라  지원금 대란 또   윤기자의 폰폰폰 ,IT
오바마 대통령도 당했던  딥페이크  기세등등,IT
투자 수요          닭이 먼저인가  달걀이 먼저인가,IT
킥보드 자전거 이어 스쿠터까지  도로 위의 천덕꾸러기  문제없나,IT
이통 사          구축  못 지켰다 대역 주파수 반납,IT
 기나긴 여정  아이패드와  애플 수험생 응원 캠페인,IT
서브컬처에서 대세로 우뚝  지스타 중심에 선  미소녀게임 ,IT
 인터뷰  정문섭 부산정보산업진흥원장  지스타  부산 산업 원동력  경제 효과     억 넘어 ,IT
 체험기  대륙의 또 다른 실수  스마트워치 어메이즈핏         회 충전에   일 사용,IT
 주말 수학  단 한번의 기회가 수학자의 길로 인도,IT
 명의를 찾아서   자궁경부암 원인이라던      성행위 습관 바뀌며 목구멍서도 암 유발 ,IT
 잠깐과학      년 만에 모습 드러낸  투탕카멘의 무덤 ,IT
        대역 투자 약속 어겨  정부          할당 취소 초강수,IT
 우주를 과학의 대상으로만 봐선 곤란    이젠 우주의 법과 제도를 준비할 때 ,IT
  세기 서부시대처럼    달에 깃발 꽂으면 우리 땅이 될까 ,IT
가상화폐 규제 입법    사태로 급물살,IT
    직원들은 회삿돈 빼 집사고  경영진은  조 개인대출,IT
머스크 칼바람 분 트위터 직원에 사용자도  대탈출 ,IT
 불법 공유 뿌리 뽑는다  카카오엔터 웹툰 불법 유통 대응 성과 나온다,IT
 지스타       넷마블 기대작  나혼렙  액션 앞세워 장기 흥행 자신,IT
아르테미스  왜 사람 아닌 마네킹을 보냈을까 ,IT
 지스타       나혼자만레벨업 어라이즈 가 선보일 액션은   기본에 충실했죠 ,IT
우체국 스마트뱅킹 앱 장애  현재 복구 중 ,IT
테슬라   모델    만대 리콜 조치  조수석 에어백 결함 의심,IT
 모든 게임이 토크노믹스로 갈 것  지스타서 확인한 블록체인 흐름  현장  ,IT
신세경 이준기 나란히 등장  대형 기대작  드디어 선보인다  영상 ,IT
 돈 절실한 사람한테  억 걸었더니     만명 우르르  뜻밖의 반전,IT
    투자 약속 어겼다  정부             주파수 회수  사상 초유 ,IT
  멈출 수 없는 흐름      토큰 발행은 필수 아닌 선택 ,IT
 넘버스 평판조회  스펙터  쓰면 공정한 채용 가능할까,IT
    사태 후폭풍   최대        억 묶이고 국내 고팍스도  불똥 ,IT
    만   만원  웬일이냐   삼성  괴물폰  마지막 헐값 유혹,IT
 지스타      카카오게임즈 디스테라      역사 방점 찍겠다 ,IT
 지스타      생존형    디스테라   배그 로아 길 걸을 것 ,IT
브랜드엑스코퍼레이션 대표  주식   억원 우리사주조합 무상증여,IT
게임 캐릭터  현실로 소환  지스타 다운 코스프레 향연  지스타     ,IT
이통 사          구축  못 지켰다 대역 주파수 반납,IT
건보 지역가입자   명 중  명  이달부터 보험료     원 넘게 오른다,IT
지스타로 모인  원신  팬들 오픈런으로   분 만에 굿즈  매진 ,IT
 지스타       중국 게임 잘나가네  호요버스 부스  북적북적 ,IT
 이게 다 한국 사람 맞아   중국  이것 에 시끌벅적  난리났다,IT
 지스타      호요버스  존재감  등   구름관중 이유 있었네,IT
 가디스오더는 세상의 끝에서 사랑과 낭만을 외치는 게임 ,IT
초유의    주파수 할당취소 이통 사  당혹,IT
업비트  이번엔 원화 입출금  시간 먹통,IT
  상륙 임박한   바이오시밀러  특허 전쟁 앞두고  전운 ,IT
수능 팬데믹 끝나 물오른 지스타  그래도 안전이 최우선 ,IT
 이통사    망투자 외면  초유의 주파수 할당 취소,IT
 코로나 폐렴 증상 덜어주는 국산 흡입형 치료제 개발 길 열렸다 ,IT
 지스타   년만에 단독 부스 낸 삼성전자 게이밍 하드웨어 눈길,IT
 학교도 아닌데       명 전직원 겨울방학   한국 회사  실화냐,IT
 지스타         디스테라 는 친절한 생존게임 슈팅 카타르시스 느끼길 ,IT
 사업권 줬더니   폰 가입자 늘리기만 급급   통신 사에 철퇴,IT
국내 의약품 수출 실적  백신 업고 고공 행진,IT
   에도 최대    세액공제    콘텐츠 첨병  키운다,IT
포스코케미칼    합작사의 특이한 지분구조      대     이례적 사례,IT
넥슨   퍼디 로 루트슈터 도전  충분한 완성도로 사랑받겠다   지스타     ,IT
정부               대역 쓰지마     만   배 빠른    ,IT
 지스타       넥슨  드리프트  내년  월 서비스  북미 유럽 성공 ,IT
 개발자 모시기 경쟁 끝      기업 채용 열풍  주춤 ,IT
    퇴근길  삼성전자 대졸 초봉  얼마나 올랐나 ,IT
거래소 간 가격차이    배 육박하는 도니파이낸스 투자 주의보,IT
 한국판 스페이스   꿈꾸는 벤처  로켓 재사용 기술개발 속도낸다,IT
국내 첫 주파수 할당 취소   의미와 파장은,IT
 단독  위조상품  년새  배 폭증 신고포상금제 결국 손 본다,IT
초유 주파수 취소 단축에     송구        유감       협의 ,IT
 분기 유럽 스마트폰 시장  삼성 애플  울고  샤오미  웃고 ,IT
반도체 각광     년 대입 반도체학과 커트라인도  껑충 ,IT
애플  이달   일  아이패드  출격 첫  수능 캠페인  진행,IT
카카오게임즈  디스테라  배그 로스트아크에 버금갈 것 ,IT
 배그 로아의 길을 걷고 싶다  카겜 신작  디스테라  기대감 ,IT
천문학적  오일머니  네옴시티  모래신기루인가  스마트시티인가 ,IT
       이용기간 단축 할당 취소 결정에       유감          송구     돋보기 ,IT
 아 이뉴스  과기부      신규 사업자 적극 추진  칼리스토 프로토콜  인기,IT
 삼성 크게 놀랐다   애플  한국서 첫 깜짝 공개 영상 뭐길래,IT
    업계  반도체 인재 육성 직접 나선다,IT
사상 첫        주파수 할당  취소   매우 유감  일문일답 ,IT
 핵잼 사이언스  상한 음식 먹으면 토하는 이유는  이것  때문   연구진 ,IT
공기로 고기를  단백질 혁명 시작됐다,IT
 일문일답         기지국 미비  통신사가 투자비 아낀 결과,IT
 지스타       역시 맏형 답네 넥슨 부스 하루만에  만명 몰렸다,IT
오늘밤  트위터 중단  루머 확산  무슨 일이,IT
 지스타       장현국 위메이드 대표        기조연설 맡아,IT
 카드뉴스 카카오 무료 서비스 피해 보상 가능할까 ,IT
 사상 초유  할당 취소된     지하철      호선 와이파이 못 쓰나 ,IT
 리뷰  백색 인테리어에 제격  카멜마운트 고든      디자인 모니터 암,IT
해외    방한에 분주한 이재용 빈 살만 이어 스페인 총리 면담,IT
   시선      혁신으로 판을 키워라,IT
아르테미스  달 여행  일차  지구의 얼굴  전송           향해 순항 ,IT
약세 보이는 위메이드 그룹주  위믹스 유의종목 지정 언제까지 ,IT
  노조  임금평균   인상과 격려금    만원 지급 가결,IT
            할당 전격 취소 통신 사 신규사업자 체제로 종합 ,IT
   톡 홈네트워크 보안가이드 논란,IT
원재료 가격 부담에 대상  영업현금    억 적자,IT
칼빼든 과기정통부                 할당 취소  법대로 했다  종합 ,IT
 지스타       한국에 메타휴먼 유독 많은 이유  개발자들의 혁신 때문이죠 ,IT
범삼성 일가  이병철 창업회장 추도식 참석,IT
    억 투자했는데 정부  사상 최초 주파수 회수           쓰지마 ,IT
 기지국 수 미달  정부  이통  사        주파수 할당 취소 축소,IT
 일문일답      주파수 회수결정 양해 신규사업자에 공급 계획 ,IT
부품업계 희비   카메라 모듈  울고       웃고 ,IT
과기정통부  저조한    투자에              주파수 박탈,IT
모발 손상 위험 높은 한국인  다이슨   저손상  헤어기기로 공략,IT
베스트에너지  이차전지용 그래핀     필름 첫 개발,IT
과기정통부        등급제 개편  고심  목표 완료시점 또 넘겨,IT
모래시계 모양  신비의 원시별 퇴근길 한 컷 ,IT
내연기관차의 종언 폭스바겐    상하이 수동 변속기 공장 청산,IT
 통신강국  흔들린다 사상 초유  주파수 할당 취소 의 배경은,IT
 진짜    투자  약속 어긴              주파수 회수   신규 사업자에 할당 ,IT
 이주의 전자뉴스  수능 끝났다  김치냉장고 프로모션도  풍성 ,IT
블리자드  중국 시장에서   년 만에 서비스 종료,IT
삼성         영토  아시아 중남미까지 확대,IT
 지상파    와 비교는 적절치 않다  초유의 주파수 할당취소 일문일답 ,IT
  조원 실탄 장전 스페인 총리  이재용 만난다,IT
 해설  전례없는 주파수 할당취소 사업자 실패인가 정책 실패인가,IT
  년을 기다렸다  부스마다  구름 인파   지스타      현장에서 ,IT
 일문일답                 대역 못쓴다  이통 사 약속 미이행  매우 실망스러워 ,IT
       기지국 구축 게을러 정부  주파수 할당취소  강수 종합 보 ,IT
        이탈      불안 논란의         새 멤버  찾는다,IT
 소명한다더니 또    위믹스에만 엄격  유의종목 연장 두고 갑론을박,IT
정부  초유 주파수할당 취소        기지국 미비         종합 ,IT
    분  기다려야 시연  칼리스토 프로토콜  구름 인파,IT
잔혹한 피노키오가 온다  네오위즈  더블매출  만들까,IT
 의무 기지국 설치 미달  제 통신 허용하나,IT
버려진 부산물서 소 부 장 핵심 광물 찾는다,IT
 빈살만   시간 방한 뒷얘기   본사 옮기면 집도 차도 다 줄 것  사우디   게임 에 구애,IT
박윤규  차관      대역  사업자 진입 적극 추진 모든 수단 동원할 것 ,IT
사내복지 경쟁하던 빅테크들    이젠 앞다퉈 마른수건 쥐어짜기,IT
    위기 징후   테라  폭락에서 시작됐다,IT
   최대 게임기업 텐센트에 작년  월 이후 첫 게임 판호,IT
 만년전 멸종 조개    캘리포니아 해안 서식 확인 어떻게 ,IT
 아이폰  프로   지금 사도 크리스마스 이후 온다 한국은 ,IT
이병철 삼성 창업회장   주기 추도식 이재용 회장 등 선영 참배,IT
장현국  암호화폐  성공의 길   인터게임 이코노미 에 달려 ,IT
    만 년 전 바다거북 화석 발견  등딱지 길이만 약        핵잼 사이언스 ,IT
메쉬코리아 매각 대상 가닥 잡히나 유진그룹  인수 검토중 ,IT
 이통 사    투자 이행    대  정부  주파수 할당 축소 취소,IT
헬퍼로보틱스  중국계 장악 서빙로봇 시장에 도전장   가격    등 강점 ,IT
고 이병철 회장   주기  달라진 분위기  삼성    일가 모였다,IT
        구축 미비           할당 취소     는 이용기간 단축,IT
 미니 쿠퍼  크기  천만년 전 공룡시대 바다거북 화석 발굴,IT
 우주를 보다  아르테미스  호 우주선이 보낸 첫  셀카  이미지,IT
  모건  미국 투자자  런 하는 중국 시장  우리는 밝게 본다 ,IT
 종합         대역      이용기간 단축    와      할당 취소,IT
 에어팟  보청기 대용으로 사용 가능 ,IT
이병철 삼성 창업회장   주기 추도식 이재용 회장 등 참배,IT
   할당조건 미이행         할당취소      이용기간 단축,IT
애플  에어팟   무선이어폰 이어 보청기도 평정하나,IT
기아  북미 시장서  더 뉴 셀토스  첫 공개            출시,IT
과기정통부                할당 취소,IT
        구축  못 지켰다          주파수 할당 취소 ,IT
       주파수 할당취소     송구        유감 ,IT
 취재수첩   사찰 합법화  질타받는 국정원,IT
 문자로 전화받아볼까   삼성  갤 플립 폴드  부터 적용,IT
                 주파수 할당 취소,IT
 할당취소                 주파수  새 사업자에 준다 종합 ,IT
